Blog Title,Blog Date,Blog Link,Author Name,Author Profile Link,Thumbnail Link,Thumbnail Credit
The 5 Rules of Wearing Winter Boots in 2022,,https://www.purewow.com/fashion/winter-boots-style-rules,,,"https://purewows3.imgix.net/images/articles/2021_12/winter_boots_style_rules_400.jpg?auto=format,compress&cs=strip",@GRACEATWOOD/INSTAGRAM
"Mark Our Words, *This* Will Be the Top Fashion Trend of 2022",,https://www.purewow.com/fashion/top-fashion-trend-prediction,,,"https://purewows3.imgix.net/images/articles/2021_12/bold_color_trend_2022_CAT.jpg?auto=format,compress&cs=strip",GETTY IMAGES
The Top 7 Winter Fashion Trends to Know Going Into 2022,,https://www.purewow.com/fashion/winter-fashion-trends,,,"https://purewows3.imgix.net/images/articles/2021_12/winter_fashion_trends_400.jpg?auto=format,compress&cs=strip",GETTY IMAGES
"These Will Be the Only 9 Trends You’ll Want to Buy in 2022, According to a Fashion Editor",,https://www.purewow.com/fashion/2022-fashion-trend-predictions,,,"https://purewows3.imgix.net/images/articles/2021_11/2022_trend_predictions_400.jpg?auto=format,compress&cs=strip&fit=min&w=400&h=290",GETTY IMAGES / MONROE STEELE
8 Items We’re Buying from the Saks Fifth Avenue Spring Sale,,https://www.purewow.com/fashion/saks-fifth-avenue-spring-sale,,,"https://purewows3.imgix.net/images/articles/2021_04/saks-4.jpg?auto=format,compress&cs=strip&fit=min&w=400&h=290",SAKS FIFTH AVENUE
Apparently We’ll Be “Revenge Shopping” This Spring & Summer—So Get Ready to Drop Some Serious Cash,,https://www.purewow.com/fashion/revenge-shopping-list,,,"https://purewows3.imgix.net/images/articles/2021_04/revenge_shopping_gg.jpg?auto=format,compress&cs=strip&fit=min&w=400&h=290",JAMES DEVANEY/GETTY IMAGES
30 April Outfit Ideas to Ease You Out of Sweats and Back Into Your Favorite Spring Looks,,https://www.purewow.com/fashion/april-outfit-ideas,,,"https://purewows3.imgix.net/images/articles/2021_03/april_outfit_ideas_CAT_728x524.jpg?auto=format,compress&cs=strip&fit=min&w=400&h=290",VICTORIA BELLAFIORE
This Year’s Spring Fashion Trends to Upgrade Your Wardrobe Now and Pay For Later,,https://www.purewow.com/fashion/spring-fashion-trends-affirm,,,"https://purewows3.imgix.net/images/articles/2021_03/affirm_spring_trends_category.jpg?auto=format,compress&cs=strip&fit=min&w=400&h=290",ELOQUII
Balletcore Is Definitely the Prettiest Spring Trend (and It’s Surprisingly Wearable),,https://www.purewow.com/fashion/balletcore-trend,,,"https://purewows3.imgix.net/images/articles/2021_03/balletcore_400.png?auto=format,compress&cs=strip&fit=min&w=400&h=290",GETTY IMAGES
"A Fashion Editor’s Picks For the Best Spring Fashion (BTW, It’s All On Sale)",,https://www.purewow.com/fashion/editors-spring-picks-email,,,"https://purewows3.imgix.net/images/articles/2021_03/CAT_728x524__12_1.jpg?auto=format,compress&cs=strip&fit=min&w=400&h=290",VICTORIA BELLAFIORE
"Amazon The Drop’s Latest Collection Is The Ultimate Spring Wardrobe Refresh, Courtesy of Plus-Size Blogger Kellie Brown",,https://www.purewow.com/fashion/amazon-the-drop-kellie-brown-collection,,,"https://purewows3.imgix.net/images/articles/2021_03/kellie_brown_amazon_fashion_the_drop_collection_400.png?auto=format,compress&cs=strip&fit=min&w=400&h=290",COURTESY OF AMAZON
Spring Has Sprung- And So Have These 12 Sales,,https://www.purewow.com/fashion/spring-has-sprung-email,,,"https://purewows3.imgix.net/images/articles/2021_03/CAT_728x524__12_.jpg?auto=format,compress&cs=strip&fit=min&w=400&h=290",VICTORIA BELLAFIORE
"We Found the Best Knee-High Boots for Spring, Starting at Just $41",,https://www.purewow.com/fashion/best-knee-high-boots,,,"https://purewows3.imgix.net/images/articles/2021_03/Best_Knee-High_Boots-Triptych_CAT2.jpg?auto=format,compress&cs=strip&fit=min&w=400&h=290",MYTHERESA/ANTHROPOLGIE
Florals? For Spring? The Blooming Trend of the 2021 Grammy Awards,,https://www.purewow.com/news/grammy-awards-florals,,,"https://purewows3.imgix.net/images/articles/2021_03/swift-CAT.jpg?auto=format,compress&cs=strip&fit=min&w=400&h=290",KEVIN MAZUR/GETTY IMAGES
Who’s Ready for Outdoor Season? Here’s Everything You’ll Need This Spring,,https://www.purewow.com/fashion/spring-outdoor-stuff-you-need,,,"https://purewows3.imgix.net/images/articles/2021_03/spring-shop_728x524__8_.jpg?auto=format,compress&cs=strip&fit=min&w=400&h=290",VICTORIA BELLAFIORE
I’m a Fashion Editor & Here’s What I’m Buying This Spring,,https://www.purewow.com/fashion/fashion-editor-spring-shopping-list,,,"https://purewows3.imgix.net/images/articles/2021_03/fashion_editor_spring_shopping_list.jpg?auto=format,compress&cs=strip&fit=min&w=400&h=290",VICTORIA BELLAFIORE
"Chunky Sandals, Chain Details and 4 Other Spring Shoe Trends We Can’t Get Enough Of",,https://www.purewow.com/fashion/spring-shoe-trends,,,"https://purewows3.imgix.net/images/articles/2021_03/spring_shoe_trends_400.png?auto=format,compress&cs=strip&fit=min&w=400&h=290",JESSIE LOEFFLER RANDALL / MONROE STEELE / GETTY IMAGES
4 New Staples from Express for Your Spring Wardrobe,,https://www.purewow.com/fashion/spring-wardrobe-staples-express,,,"https://purewows3.imgix.net/images/articles/2021_02/express_february_staples_cat.jpg?auto=format,compress&cs=strip&fit=min&w=400&h=290",EXPRESS
14 Cool (But Wearable) Accessories We’ll Be Buying For Spring,,https://www.purewow.com/fashion/best-spring-accessories,,,"https://purewows3.imgix.net/images/articles/2021_02/best-spring-accessories-collage-728x524.jpg?auto=format,compress&cs=strip&fit=min&w=400&h=290",DIGITAL ART BY VICTORIA BELLAFIORE/GETTY IMAGES
19 Lightweight Jackets and Coats We’re Living in This Spring,,https://www.purewow.com/fashion/spring-jackets,,,"https://purewows3.imgix.net/images/articles/2021_02/speing_jackets_2021_cat.png?auto=format,compress&cs=strip&fit=min&w=400&h=290",MADEWELL/EVERLANE/ELOQUII
7 Iconic Princess Diana Sweaters You Should Totally Rock This Spring,,https://www.purewow.com/fashion/princess-diana-sweater-fashion,,,"https://purewows3.imgix.net/images/articles/2020_05/diana_sweaters_cat.jpg?auto=format,compress&cs=strip&fit=min&w=400&h=290",SOFIA KRAUSHAAR/GETTY IMAGES
"Forget Spring, Here Are 7 Summer Trends to Get Excited About",,https://www.purewow.com/fashion/summer-trends-shop-now,,,"https://purewows3.imgix.net/images/articles/2020_04/summer-trends-shop-now-cat.jpg?auto=format,compress&cs=strip&fit=min&w=400&h=290",CHRISTIAN VIERIG/CONTRIBUTOR/GETTY IMAGES
Queen Elizabeth Caused a Major Spike in These Two Spring Trends,,https://www.purewow.com/fashion/queen-elizabeth-green-brooch-trends,,,"https://purewows3.imgix.net/images/articles/2020_04/queen_elizabeth_spring_trends_400.png?auto=format,compress&cs=strip&fit=min&w=400&h=290",SAMIR HUSSEIN/GETTY IMAGES
How to Clean Suede Boots Before You Stow Them Away for Spring,,https://www.purewow.com/fashion/how-to-clean-suede-boots,,,"https://purewows3.imgix.net/images/articles/2020_04/how_to_clean_suede_boots_400.png?auto=format,compress&cs=strip&fit=min&w=400&h=290",JEREMY MOELLER/GETTY IMAGES
The 8 Fashion Pieces Our Editors Are Betting on for Spring,,https://www.purewow.com/fashion/editor-fashion-picks-for-spring-garnet-hill,,,"https://purewows3.imgix.net/images/articles/2020_03/spring_editor_picks_garnet_hill_CAT-Image.jpg?auto=format,compress&cs=strip&fit=min&w=400&h=290",VICTORIA BELLAFIORE/PUREWOW/GARNET HILL
The Best Minimalist Shoes to Buy This Spring & Summer,,https://www.purewow.com/fashion/best-minimalist-shoes,,,"https://purewows3.imgix.net/images/articles/2020_03/best_minimalist_shoes_400.png?auto=format,compress&cs=strip&fit=min&w=400&h=290",ABBY HEPWORTH
"11 Pairs of Loafers to Wear This Spring, from Classic to Statement-Making",,https://www.purewow.com/fashion/loafers-spring-shoes,,,"https://purewows3.imgix.net/images/articles/2020_03/spring_loafers_400.png?auto=format,compress&cs=strip&fit=min&w=400&h=290",NOMASEI
"8 Trends That Will Be Huge for Spring 2020, from Bermuda Shorts to Retro Handbags",,https://www.purewow.com/fashion/spring-trends,,,"https://purewows3.imgix.net/images/articles/2020_03/spring_trends_2020_cat.png?auto=format,compress&cs=strip&fit=min&w=400&h=290",GETTY IMAGES
12 Expensive-Looking Handbags Under $100 for Spring,,https://www.purewow.com/fashion/handbags-under-100,,,"https://purewows3.imgix.net/images/articles/2020_03/Spring-Bags_CAT.jpg?auto=format,compress&cs=strip&fit=min&w=400&h=290",ART BY YUNA PARK
9 Pairs of Spring Shoes PureWow Editors Can’t Wait to Wear,,https://www.purewow.com/fashion/editor-recommended-spring-shoes,,,"https://purewows3.imgix.net/images/articles/2020_03/editor_spring_shoes_400.png?auto=format,compress&cs=strip&fit=min&w=400&h=290",ABBY HEPWORTH
Minimalist Spring Accessory Trends That Will Work for Every Budget,,https://www.purewow.com/fashion/minimalist-spring-accessories,,,"https://purewows3.imgix.net/images/articles/2020_03/minimalist_accessories_CAT.png?auto=format,compress&cs=strip&fit=min&w=400&h=290",IMAGO-A
10 Fashion Finds for Spring (That Will Fit *Every* Body),,https://www.purewow.com/fashion/size-inclusive-spring-fashion,,,"https://purewows3.imgix.net/images/articles/2020_03/db_400.png?auto=format,compress&cs=strip&fit=min&w=400&h=290",COURTESY OF MACY'S
"The 25 Best Spring-Ready Trench Coats, from $70 to $1,375",,https://www.purewow.com/fashion/best-spring-trench-coats,,,"https://purewows3.imgix.net/images/articles/2020_03/spring_trench_coats_CAT2.png?auto=format,compress&cs=strip&fit=min&w=400&h=290",ANTHROPOLOGIE
Sustainable Swimwear You’ll Actually Want to Wear This Spring,,https://www.purewow.com/fashion/sustainable-swimwear,,,"https://purewows3.imgix.net/images/articles/2019_04/sustainable_swimwear_400.png?auto=format,compress&cs=strip&fit=min&w=400&h=290",ATHLETA
16 Spring Pieces from H&M Moms Can’t Wait to Buy Their Kids (From $5 Up),,https://www.purewow.com/fashion/kids-spring-fashion-hm,,,"https://purewows3.imgix.net/images/articles/2020_03/h_m_spring_kids_fashion_CAT.jpg?auto=format,compress&cs=strip&fit=min&w=400&h=290",LEFT: LIZABETH REBECCA; RIGHT: MIKAELA PABON
"Confused About What to Wear Now? Shop These 10 Spring Outfits, Straight from Amazon",,https://www.purewow.com/fashion/spring-outfits-from-amazon,,,"https://purewows3.imgix.net/images/articles/2020_03/amazon_spring_outfits_cat.png?auto=format,compress&cs=strip&fit=min&w=400&h=290",GLAMAZONDIARIES
6 Spring Trends You Can Actually Afford to Shop Now (Because They’re All Under $100),,https://www.purewow.com/fashion/spring-trends-under-100-dollars,,,"https://purewows3.imgix.net/images/articles/2020_03/spring_trends_under__100_cat.png?auto=format,compress&cs=strip&fit=min&w=400&h=290",CHRISTIAN VIERIG/EDWARD BERTHELOT/GETTY IMAGES
Prepare for Spring With the Best Leather Jackets On the Web (Starting at $80),,https://www.purewow.com/fashion/best-leather-jackets-for-spring,,,"https://purewows3.imgix.net/images/articles/2020_03/Spring-Leather-Jackets-CAT.gif?auto=format,compress&cs=strip&fit=min&w=400&h=290",
7 Trends from New York Fashion Week That We’re Buying for Spring,,https://www.purewow.com/fashion/spring-trends-from-new-york-fashion-week-2020,,,"https://purewows3.imgix.net/images/articles/2020_02/spring-fashion-trends-400.jpg?auto=format,compress&cs=strip&fit=min&w=400&h=290",GETTY IMAGES
"10 Pairs of Sustainable Shoes to Shop Right Now, from Simple Sneakers to Spring Sandals",,https://www.purewow.com/fashion/sustainable-shoes,,,"https://purewows3.imgix.net/images/articles/2020_02/Cat_3.gif?auto=format,compress&cs=strip&fit=min&w=400&h=290",MCKENZIE CORDELL
10 Minimalist Spring Fashion Picks Straight from Our Shopping Editor,,https://www.purewow.com/fashion/minimalist-spring-fashion-picks,,,"https://purewows3.imgix.net/images/articles/2020_02/trench_coat_street_style_400.png?auto=format,compress&cs=strip&fit=min&w=400&h=290",JEREMY MOELLER/GETTY IMAGES
10 New Everlane Pieces That Will Help Ease the Transition from Winter to Spring,,https://www.purewow.com/fashion/everlane-new-arrivals,,,"https://purewows3.imgix.net/images/articles/2020_02/EVERLANE_400.png?auto=format,compress&cs=strip&fit=min&w=400&h=290",EVERLANE
How to Wear the Spring Pastel Trend Right This Second,,https://www.purewow.com/fashion/spring-pastel-color-trend,,,"https://purewows3.imgix.net/images/articles/2020_01/spring_2020_trend_pastels_400.png?auto=format,compress&cs=strip&fit=min&w=400&h=290",CHRISTIAN VIERIG/GETTY IMAGES
18 Spring-Friendly Finds to Buy This Month—All Under $40,,https://www.purewow.com/fashion/under-40-shopping-list,,,"https://purewows3.imgix.net/images/articles/2020_02/spring_shopping_under__40_cat.png?auto=format,compress&cs=strip&fit=min&w=400&h=290",
Kate Middleton’s Teal Coat Has Us Ready for Spring,,https://www.purewow.com/news/kate-middleton-teal-coat,,,"https://purewows3.imgix.net/images/articles/2020_01/kate-4006.jpg?auto=format,compress&cs=strip&fit=min&w=400&h=290",KARWAI TANG / GETTY IMAGES
Kate Middleton’s Garden Party Look Is Pretty in Pink (and Ideal Spring Outfit Inspo),,https://www.purewow.com/news/kate-middleton-pink-outfit-queens-garden-party,,,"https://purewows3.imgix.net/images/articles/2019_05/kate-pink-400.jpg?auto=format,compress&cs=strip&fit=min&w=400&h=290",WPA POOL/GETTY IMAGES
10 Floral-Print Dresses That Were Made for Spring,,https://www.purewow.com/fashion/floral-print-dresses-for-spring-2019,,,"https://purewows3.imgix.net/images/articles/2019_04/Floral_print_dress_400.png?auto=format,compress&cs=strip&fit=min&w=400&h=290",CHRISTIAN VIERIG/GETTY IMAGES
27 Spring Blouses with a Built-In Styling Trick,,https://www.purewow.com/fashion/splurge-worthy-spring-blouses,,,"https://purewows3.imgix.net/images/articles/2019_04/spring_blouses_400.png?auto=format,compress&cs=strip&fit=min&w=400&h=290",ANTHROPOLOGIE
10 Spring Sandals Under $150,,https://www.purewow.com/fashion/spring-sandals-under-150,,,"https://purewows3.imgix.net/images/articles/2019_04/rainbow_sandals_400.png?auto=format,compress&cs=strip&fit=min&w=400&h=290",CHRISTIAN VIERIG/GETTY IMAGES
Shopbop Just Launched an Exclusive Capsule Collection Starring Our Favorite Spring Trend,,https://www.purewow.com/news/shopbop-tie-dye-exclusive-collection,,,"https://purewows3.imgix.net/images/articles/2019_04/tie_dye_shopbop_collection_400.jpg?auto=format,compress&cs=strip&fit=min&w=400&h=290",MELODIE JENG/GETTY IMAGES
Here’s What to Wear for Every Spring Occasion on Your Calendar,,https://www.purewow.com/fashion/dia-and-co-spring-occasion-outfit-ideas,,,"https://purewows3.imgix.net/images/articles/2019_03/dia___co_cat.jpg?auto=format,compress&cs=strip&fit=min&w=400&h=290",CHRISTIAN VIERIG/GETTY IMAGES
How to Wear Florals Like a Royal This Spring,,https://www.purewow.com/fashion/how-to-wear-florals-like-a-royal-this-spring,,,"https://purewows3.imgix.net/images/articles/2019_04/royals-florals-spring-msn1.jpg?auto=format,compress&cs=strip&fit=min&w=400&h=290",GETTY IMAGES
Outfit-Making Handbags You Need for Spring—Starting at Just $28,,https://www.purewow.com/fashion/outfit-making-handbags-for-spring,,,"https://purewows3.imgix.net/images/articles/2019_04/prada_bag_400.png?auto=format,compress&cs=strip&fit=min&w=400&h=290",JEREMY MOELLER/GETTY IMAGES
5 Spring Closet Staples That’ll Spark All the Joy,,https://www.purewow.com/fashion/colorful-spring-trends-old-navy,,,"https://purewows3.imgix.net/images/articles/2019_04/old_navy_spring.jpg?auto=format,compress&cs=strip&fit=min&w=400&h=290",OLD NAVY
Our 15 Favorite Pieces from H&M’s Sustainable Spring Collection,,https://www.purewow.com/fashion/hm-sustainable-spring-clothing-trends,,,"https://purewows3.imgix.net/images/articles/2019_04/H_M_cat_image.jpg?auto=format,compress&cs=strip&fit=min&w=400&h=290",H&M
10 Spring Trends We’re Snagging During Shopbop’s 3-Day Event of the Season Sale,,https://www.purewow.com/fashion/shopbop-event-of-the-season-sale-spring-2019,,,"https://purewows3.imgix.net/images/articles/2019_04/white_shirt_400.png?auto=format,compress&cs=strip&fit=min&w=400&h=290",CHRISTIAN VIERIG/GETTY IMAGES
5 Spring Fashion Trends That Have Staying Power,,https://www.purewow.com/fashion/lasting-spring-trends,,,"https://purewows3.imgix.net/images/articles/2019_04/old_navy_lasting_spring_trends_400.png?auto=format,compress&cs=strip&fit=min&w=400&h=290",EDWARD BERTHELOT/GETTY IMAGES
5 Ways Our Editors Will Be Wearing Spring’s Top Trends,,https://www.purewow.com/fashion/editor-approved-spring-trends-from-old-navy,,,"https://purewows3.imgix.net/images/articles/2019_04/ON_cat_editors_picks.jpg?auto=format,compress&cs=strip&fit=min&w=400&h=290",OLD NAVY
3 Spring Styles That Look Good on Everyone,,https://www.purewow.com/fashion/spring-styles-for-everyone-lauren-ralph-lauren,,,"https://purewows3.imgix.net/images/articles/2019_03/lauren_ralph_lauren_spring_styles_that_look_good_on_everyone.jpg?auto=format,compress&cs=strip&fit=min&w=400&h=290",HTTPS://WWW.RALPHLAUREN.COM/BRANDS-LAUREN
Turns Out Princess Diana Actually Started This Major Spring Trend,,https://www.purewow.com/fashion/princess-diana-bike-shorts-trend,,,"https://purewows3.imgix.net/images/articles/2019_04/princess_diana_bike_shorts_400.png?auto=format,compress&cs=strip&fit=min&w=400&h=290",ANSWAR HUSSEIN/GETTY IMAGES
This Unexpected New Jumpsuit Trend Is Taking Spring by Storm,,https://www.purewow.com/fashion/boilersuit-trend-for-spring,,,"https://purewows3.imgix.net/images/articles/2019_04/jumpsuit_trend_400.png?auto=format,compress&cs=strip&fit=min&w=400&h=290",JEREMY MOELLER/GETTY IMAGES
4 Shoe Trends You’re About to Spot Everywhere This Spring,,https://www.purewow.com/fashion/kenneth-cole-spring-shoe-trends,,,"https://purewows3.imgix.net/images/articles/2019_03/KC_cat_1.jpg?auto=format,compress&cs=strip&fit=min&w=400&h=290",MIREYA RIOS
6 Spring Trends You Can Buy Immediately on Amazon,,https://www.purewow.com/fashion/spring-trends-on-amazon,,,"https://purewows3.imgix.net/images/articles/2019_04/belt_bag_400.png?auto=format,compress&cs=strip&fit=min&w=400&h=290",JEREMY MOELLER/GETTY IMAGES
The 38 Most Brilliant Bags to Buy This Spring,,https://www.purewow.com/fashion/fun-spring-handbags,,,"https://purewows3.imgix.net/images/articles/2019_03/fun_spring_bags_400.png?auto=format,compress&cs=strip&fit=min&w=400&h=290",
6 Spring Denim Trends You’re About to See Everywhere,,https://www.purewow.com/fashion/denim-trends-spring-2019,,,"https://purewows3.imgix.net/images/articles/2019_03/denim_trends_4002.png?auto=format,compress&cs=strip&fit=min&w=400&h=290",ACHIM AARON HARDING; VANNI BASSETTI/GETTY IMAGES
3 Outfits We Can’t Wait to Copy This Spring,,https://www.purewow.com/fashion/lauren-ralph-lauren-march-outfits-lily-alridge,,,"https://purewows3.imgix.net/images/articles/2019_03/lauren_ralph_lauren_lily_alridge_striped_blazer_category.jpg?auto=format,compress&cs=strip&fit=min&w=400&h=290",LAUREN RALPH LAUREN
50 Dresses to Wear to Every Kind of Spring Wedding,,https://www.purewow.com/fashion/spring-wedding-guest-dresses-2019,,,"https://purewows3.imgix.net/images/articles/2019_03/spring-wedding-dresses-400.jpg?auto=format,compress&cs=strip&fit=min&w=400&h=290",NORDSTROM
6 Spring Trends That Play Nice with Things You Already Have in Your Closet,,https://www.purewow.com/fashion/spring-trends-that-mix-with-your-current-wardrobe,,,"https://purewows3.imgix.net/images/articles/2019_03/tie-dye_pastel_400.jpg?auto=format,compress&cs=strip&fit=min&w=400&h=290",MATTHEW SPERZEL/GETTY IMAGES
These Are the Top 3 Spring Trends According to Nordstrom,,https://www.purewow.com/fashion/nordstrom-spring-trends-2019,,,"https://purewows3.imgix.net/images/articles/2019_03/nordstrom_spring_top_trends_400.png?auto=format,compress&cs=strip&fit=min&w=400&h=290",CLAUDIO LAVENIA/GETTY IMAGES
The Spring 2019 Shoe Guide,,https://www.purewow.com/fashion/spring-2019-shoe-guide,,,"https://purewows3.imgix.net/images/articles/2019_03/White_cowboy_boots_400.png?auto=format,compress&cs=strip&fit=min&w=400&h=290",CHRISTIAN VIERIG/GETTY IMAGES
This Spring Jacket Is So Easy to Wear—and Looks Amazing on Every Body Type,,https://www.purewow.com/fashion/cropped-denim-jacket-outfits,,,"https://purewows3.imgix.net/images/articles/2019_03/cropped-denim-jacket-400.jpg?auto=format,compress&cs=strip&fit=min&w=400&h=290",CHRISTIAN VIERIG/GETTY IMAGES
12 Spring Trends That Are All Over Pinterest,,https://www.purewow.com/fashion/spring-trends-on-Pinterest,,,"https://purewows3.imgix.net/images/articles/2019_03/pastel_outfit_400.png?auto=format,compress&cs=strip&fit=min&w=400&h=290",CHRISTIAN VIERIG/GETTY IMAGES
Meghan and Kate’s Favorite Spring T-Shirt Trend Is So Easy to Copy,,https://www.purewow.com/fashion/meghan-and-kate-striped-t-shirt-trend,,,"https://purewows3.imgix.net/images/articles/2019_03/meghan_and_kate_400.png?auto=format,compress&cs=strip&fit=min&w=400&h=290",SAMIR HUSSEIN/GETTY IMAGES
7 Spring Fashion Trends and the Best Under-$100 Versions of Each,,https://www.purewow.com/fashion/2019-spring-trends-under-100,,,"https://purewows3.imgix.net/images/articles/2019_03/hair_clips_400.png?auto=format,compress&cs=strip&fit=min&w=400&h=290",CHRISTIAN VIERIG/GETTY IMAGES
The Spring Trend Meghan Markle Can’t Stop Wearing,,https://www.purewow.com/fashion/meghan-markle-monochrome-trend,,,"https://purewows3.imgix.net/images/articles/2019_02/markle_wine_outfit_400.png?auto=format,compress&cs=strip&fit=min&w=400&h=290",SAMIR HUSSEIN/GETTY IMAGES
10 Statement-Making Pieces to Usher In Spring,,https://www.purewow.com/fashion/spring-2019-statement-pieces,,,"https://purewows3.imgix.net/images/articles/2019_02/green_blazer_400.png?auto=format,compress&cs=strip&fit=min&w=400&h=290",CHRISTIAN VIERIG/GETTY IMAGES
Meghan Markle Test-Drove One of Spring’s Biggest Trends (and It’s So Easy to Copy),,https://www.purewow.com/fashion/beige-outfits-inspired-by-meghan-markle,,,"https://purewows3.imgix.net/images/articles/2019_01/meghan_markle_beige_outfit_400.png?auto=format,compress&cs=strip&fit=min&w=400&h=290",KARAWAI TANG/GETTY IMAGES
Blush for Spring? Groundbreaking...at Least When Meghan Markle Does It,,https://www.purewow.com/news/meghan-markle-monochrome-blush-brandon-maxwell-dress-blazer,,,"https://purewows3.imgix.net/images/articles/2019_01/meghan-markle-wave-blush-outfit-msn.jpg?auto=format,compress&cs=strip&fit=min&w=400&h=290",YUI MOK/GETTY IMAGES
The One Unexpected Spring Trend You Can Wear Right This Second,,https://www.purewow.com/fashion/corduroy-trend-for-spring,,,"https://purewows3.imgix.net/images/articles/2019_01/corduroy_jacket_400.png?auto=format,compress&cs=strip&fit=min&w=400&h=290",CHRISTIAN VIERIG/GETTY IMAGES
These 3 Spring Trends Are Basically a ’90s Style Starter Pack,,https://www.purewow.com/fashion/90s-inspired-spring-trends,,,"https://purewows3.imgix.net/images/articles/2019_01/90s_sandals_400.jpg?auto=format,compress&cs=strip&fit=min&w=400&h=290",CHRISTIAN VIERIG/GETTY IMAGES
6 Spring Fashion Trends to Give You Hope Through the Rest of Winter,,https://www.purewow.com/fashion/spring-fashion-trends-2019,,,"https://purewows3.imgix.net/images/articles/2019_01/corduroy_400.png?auto=format,compress&cs=strip&fit=min&w=400&h=290",CHRISTIAN VIERIG/GETTY IMAGES
Everyone Will Be Carrying This Handbag Come Spring,,https://www.purewow.com/fashion/spring-2019-handbag-trend,,,"https://purewows3.imgix.net/images/articles/2019_01/bamboo_bag_400.png?auto=format,compress&cs=strip&fit=min&w=400&h=290",CHRISTIAN VIERIG/GETTY IMAGES
10 Pieces to Buy When Your Head Says Spring but the Weather Says Winter,,https://www.purewow.com/fashion/winter-to-spring-fashion,,,"https://purewows3.imgix.net/images/articles/2019_01/bright_pink_turtleneck_400.png?auto=format,compress&cs=strip&fit=min&w=400&h=290",CHRISTIAN VIERIG/GETTY IMAGES
*This* Is the One Pair of Earrings You Need This Spring,,https://www.purewow.com/fashion/acrylic-hoop-earrings-trend,,,"https://purewows3.imgix.net/images/articles/2018_04/acrylic-hoops-400.jpg?auto=format,compress&cs=strip&fit=min&w=400&h=290",@CULTGAIA/INSTAGRAM
"The Spring Fashion Trend You Should Try, According to Your Zodiac",,https://www.purewow.com/fashion/spring-trends-based-on-zodiac,,,"https://purewows3.imgix.net/images/articles/2018_04/Spring_Fashion_Trends_Based_on_Zodiac_cat.jpg?auto=format,compress&cs=strip&fit=min&w=400&h=290",GOOP
7 Different Ways to Wear Florals This Spring—No Matter Your Personal Style,,https://www.purewow.com/fashion/how-to-wear-florals-no-matter-your-style,,,"https://purewows3.imgix.net/images/articles/2018_04/kate_spade_florals_cat.jpg?auto=format,compress&cs=strip&fit=min&w=400&h=290",CHRISTIAN VIERIG/GETTY IMAGES
Looking for a New Spring Bag? Here Are 7 Color Trends to Keep in Mind,,https://www.purewow.com/fashion/spring-handbag-color-trends-2018,,,"https://purewows3.imgix.net/images/articles/2018_04/stockx_category_bag_color_trends.jpg?auto=format,compress&cs=strip&fit=min&w=400&h=290",VANNI BASSETTI/GETTY IMAGES
How to Wear Jeans in Spring: 11 Outfits You Need to Try,,https://www.purewow.com/fashion/how-to-wear-jeans-in-spring,,,"https://purewows3.imgix.net/images/articles/2018_04/new-jeans-outfits-400.jpg?auto=format,compress&cs=strip&fit=min&w=400&h=290",TIMUR EMEK/GETTY IMAGES
5 ‘It’ Bags That Are Taking Over Spring,,https://www.purewow.com/fashion/top-handbag-styles-spring-2018,,,"https://purewows3.imgix.net/images/articles/2018_03/the_new_it_bags_of_spring_2018_400.png?auto=format,compress&cs=strip&fit=min&w=400&h=290",CHRISTIAN VIERIG/GETTY IMAGES
"35 Sandals, Mules and Slingbacks We Can’t Wait to Buy This Spring",,https://www.purewow.com/fashion/spring-shoe-shopping-guide,,,"https://purewows3.imgix.net/images/articles/2018_03/Krystal_Bick_balenciaga_slingbacks_category.jpg?auto=format,compress&cs=strip&fit=min&w=400&h=290",@KRYSTAL_BICK/INSTAGRAM
Your Shopping Guide to 3 Fun Spring Occasions,,https://www.purewow.com/fashion/styling-tips-for-spring-occasions,,,"https://purewows3.imgix.net/images/articles/2018_03/best_friends_holding_hands_cat.jpg?auto=format,compress&cs=strip&fit=min&w=400&h=290",JORDAN C. BRAUN
The Best Spring Trends for Every Body Type,,https://www.purewow.com/fashion/best-spring-trends-for-your-body-type,,,"https://purewows3.imgix.net/images/articles/2018_03/spring-trends-by-body-type-400.jpg?auto=format,compress&cs=strip&fit=min&w=400&h=290",MATTHEW SPERZL/GETTY IMAGES
"27 Spring Midi Skirts to Wear to Work, the Beach or Even a Wedding",,https://www.purewow.com/fashion/spring-skirts-for-2018,,,"https://purewows3.imgix.net/images/articles/2018_03/rixo_london_spring_skirts_category_image.jpg?auto=format,compress&cs=strip&fit=min&w=400&h=290",RIXO LONDON
5 Jackets Everyone Will Be Wearing This Spring,,https://www.purewow.com/fashion/spring-2018-jacket-trends,,,"https://purewows3.imgix.net/images/articles/2018_03/jacket-trends-400.jpg?auto=format,compress&cs=strip&fit=min&w=400&h=290",EDWARD BERTHELOT/GETTY IMAGES
23 Spring Trends You’ll See Everywhere This Season,,https://www.purewow.com/fashion/spring-fashion-trends-to-try-2018,,,"https://purewows3.imgix.net/images/articles/2018_03/Woman_carrying_spring_trend_woven_bag_cat.jpg?auto=format,compress&cs=strip&fit=min&w=400&h=290",EDWARD BERTHELOT/GETTY IMAGES
Your Official Guide to Spring Dress Trends,,https://www.purewow.com/fashion/spring-dress-trends,,,"https://purewows3.imgix.net/images/articles/2018_03/Spring_Dress_trends_woman_in_striped_dress_category.jpg?auto=format,compress&cs=strip&fit=min&w=400&h=290",EDWARD BERTHELOT/GETTY IMAGES
"The Top Trending Shoes for Spring, According to Pinterest",,https://www.purewow.com/fashion/most-popular-spring-shoes-pinterest,,,"https://purewows3.imgix.net/images/articles/2018_03/Spring_Shoe_Trends_on_Pinterest_cat.jpg?auto=format,compress&cs=strip&fit=min&w=400&h=290",NORDSTROM
Spring Fashion Trends According to ‘Queer Eye’ Resident Fashion Expert Tan France,,https://www.purewow.com/fashion/tan-france-spring-fashion-picks,,,"https://purewows3.imgix.net/images/articles/2018_03/Tan_France_Queer_Eye_fashion_tips_category.jpg?auto=format,compress&cs=strip&fit=min&w=400&h=290",RICH FURY/STRINGER/GETTY IMAGE
10 Spring Fashion Trends to Put into Rotation Immediately,,https://www.purewow.com/fashion/spring-fashion-trends-2018,,,"https://purewows3.imgix.net/images/articles/2018_03/Spring_Fashion_Trends_category.jpg?auto=format,compress&cs=strip&fit=min&w=400&h=290",CHRISTIAN VIERIG/GETTY IMAGES
8 Early-Spring Trends That’ll Put a Warm-Weather Pep in Your Step,,https://www.purewow.com/fashion/spring-2018-fashion-trends-to-wear-now,,,"https://purewows3.imgix.net/images/articles/2018_03/spring_fashion_trends_400.png?auto=format,compress&cs=strip&fit=min&w=400&h=290",
31 Spring Dresses to Start Wearing Right Now,,https://www.purewow.com/fashion/spring-dress-trends-2018,,,"https://purewows3.imgix.net/images/articles/2018_03/Spring_Dresses_to_Wear_Now_category.jpg?auto=format,compress&cs=strip&fit=min&w=400&h=290",MODA OPERANDI
10 Pairs of Spring Shoes We’re So Ready to Wear,,https://www.purewow.com/fashion/spring-shoe-trends-2018,,,"https://purewows3.imgix.net/images/articles/2018_03/Girl_Wear_White_Slingbacks_shoppable_category.jpg?auto=format,compress&cs=strip&fit=min&w=400&h=290",CHRISTIAN VIERIG/GETTY IMAGES
These Are Spring’s Top Handbag Trends,,https://www.purewow.com/fashion/handbag-trends-spring-2018,,,"https://purewows3.imgix.net/images/articles/2018_02/spring_handbag_dior_400.jpg?auto=format,compress&cs=strip&fit=min&w=400&h=290",EDWARD BERTHELOT/GETTY IMAGES
5 Fall Outfits That Prove Florals Aren’t Just for Spring,,https://www.purewow.com/fashion/how-to-wear-florals-in-fall,,,"https://purewows3.imgix.net/images/articles/2017_09/loft_category.jpg?auto=format,compress&cs=strip&fit=min&w=400&h=290",ANINE'S WORLD
6 Spring Shoes That’ll Make Your Feet Feel Alive Again,,https://www.purewow.com/fashion/spring-shoe-trends-2017,,,"https://purewows3.imgix.net/images/articles/2017_04/embroidered_sneakers.jpg?auto=format,compress&cs=strip&fit=min&w=400&h=290",EMILY LUCIANO
8 Trendy Jackets You’ll See Everywhere This Spring,,https://www.purewow.com/fashion/jacket-trends-spring-2017,,,"https://purewows3.imgix.net/images/articles/2017_04/jacket_trends_400.jpg?auto=format,compress&cs=strip&fit=min&w=400&h=290",MUSINGS OF A CURVY LADY
15 Spring Dresses That Have Nothing to Do with Florals,,https://www.purewow.com/fashion/spring-dresses-no-florals,,,"https://purewows3.imgix.net/images/articles/2017_04/non-floral_spring_dresses_anthropologie_maeve_CAT_.png?auto=format,compress&cs=strip&fit=min&w=400&h=290",ANTHROPOLOGIE
6 Fresh and Edgy Ways to Wear Florals This Spring,,https://www.purewow.com/fashion/floral-fashion-trend-spring-2017,,,"https://purewows3.imgix.net/images/articles/2017_03/edgy_florals_400.jpg?auto=format,compress&cs=strip&fit=min&w=400&h=290",@HAPPILYGREY/INSTAGRAM
9 Ways Jewelry Trends Are Changing This Spring,,https://www.purewow.com/fashion/spring-jewelry-trends-2017,,,"https://purewows3.imgix.net/images/articles/2017_03/spring_jewelry_msn.jpg?auto=format,compress&cs=strip&fit=min&w=400&h=290",EDWARD BERTHELOT/GETTY IMAGE
8 Sneaker Trends to Watch Out for This Spring,,https://www.purewow.com/fashion/sneaker-trends-2017,,,"https://purewows3.imgix.net/images/articles/2017_03/sneaker_trends400.jpg?auto=format,compress&cs=strip&fit=min&w=400&h=290",SONG OF STYLE
The 15 Things We’re Desperate to Wear Next Spring,,https://www.purewow.com/fashion/best-trunkshow-fashion-picks,,,"https://purewows3.imgix.net/images/articles/2016_10/moda_operandi_johanna_ortiz_category.jpg?auto=format,compress&cs=strip&fit=min&w=400&h=290",INSTAGRAM / @MODAOPERANDI
6 Essentials to Transition Your Wardrobe from Winter to Spring,,https://www.purewow.com/fashion/Transitional-Wardrobe-Essentials,,,"https://purewows3.imgix.net/images/articles/2016_03/Transitional_Wardrobe_Essentials.jpg?auto=format,compress&cs=strip&fit=min&w=400&h=290",STYLE DU MONDE
6 Spring Fashion Trends You Don’t Have to Spend a Lot of Money On,,https://www.purewow.com/fashion/Spring-Fashion-Trends-2016-Splurge-Save,,,"https://purewows3.imgix.net/images/articles/2016_02/spring_fashion_400.jpg?auto=format,compress&cs=strip&fit=min&w=400&h=290",
5 Pairs of Shoes You Need This Spring,,https://www.purewow.com/fashion/5-Pairs-of-Shoes-You-Need-This-Spring,,,"https://purewows3.imgix.net/images/articles/2015_04/spring_shoes.jpg?auto=format,compress&cs=strip&fit=min&w=400&h=290",
Spring Sunglasses Under $50,,https://www.purewow.com/fashion/Spring-Sunglasses-Under-50,,,"https://purewows3.imgix.net/images/articles/2015_03/sunglasses_under_50_400.jpg?auto=format,compress&cs=strip&fit=min&w=400&h=290",
Which Spring Skirt Is Right for You?,,https://www.purewow.com/fashion/Which-Spring-Skirt-Is-Right-for-You,,,"https://purewows3.imgix.net/images/articles/2015_02/Anatomy_Of_A_Skirt.jpg?auto=format,compress&cs=strip&fit=min&w=400&h=290",
17 Best Adaptive Clothing Brands & Online Stores For All Needs (In 2022),21 December 2021,https://thevou.com/fashion/adaptive-clothing/,Ana Alves,https://thevou.com/author/ana/,https://thevou.com/wp-content/uploads/2021/12/Adaptive-Clothing-thevou.com-Feature-01.jpg,
14 Best Affordable Maternity Clothes Stores To Order Online (2021-2022),21 December 2021,https://thevou.com/fashion/cheap-maternity-clothes/,Rebecca Hunt,https://thevou.com/author/beccahunt/,https://thevou.com/wp-content/uploads/2021/02/Cheap-maternity-clothes-wtvox.com-feature00.jpg,
15 Best Women’s Activewear Brands To Shop In 2022 (MOST POPULAR),20 December 2021,https://thevou.com/fashion/activewear-brands/,Natalie Wilson,https://thevou.com/author/natalie-wilson/,https://thevou.com/wp-content/uploads/2021/12/Women-Activewear-thevou.com-Feature-01.jpg,
32 Best Sustainable Clothing Brands TRENDY For All Body Sizes & Budgets (2022),19 December 2021,https://thevou.com/fashion/sustainable-clothing/,Mandy Meyer,https://thevou.com/author/mmeyer/,https://thevou.com/wp-content/uploads/2021/06/Sustainable-Clothing-thevou.com-Feature-01.jpg,
"12 Best Kids Winter Coats For Girls, Boys, & Toddlers (2021-2022)",17 December 2021,https://thevou.com/fashion/kids-winter-coats/,Mandy Meyer,https://thevou.com/author/mmeyer/,https://thevou.com/wp-content/uploads/2021/09/Kids-Winter-Coat-thevou.com-Feature-01.jpg,
10 Best Vegan Sneakers From The MOST Popular Brands (2021-2022),16 December 2021,https://thevou.com/fashion/vegan-sneakers/,Ana Alves,https://thevou.com/author/ana/,https://thevou.com/wp-content/uploads/2019/04/Vegan-Sneakers-thevou.com-feature-01.jpg,
30 Best Fashion Movies Of All Time (2022 Update),7 December 2021,https://thevou.com/fashion/best-fashion-movies/,Katherine Saxon,https://thevou.com/author/kathe-saxon/,https://thevou.com/wp-content/uploads/2020/03/Top-20-Best-Fashion-Movies-Of-All-Times-wtvox.com-00.jpg,
20 Best Vegan Handbags EVER For All Tastes & Pockets (2021-2022),3 December 2021,https://thevou.com/fashion/vegan-handbags/,Katherine Saxon,https://thevou.com/author/kathe-saxon/,https://thevou.com/wp-content/uploads/2021/02/Vegan-Handbags-thevou.com-feature-02.jpg,
35 Best Athleisure Wear Brands For PERFECT Style & Comfort (In 2022),26 November 2021,https://thevou.com/fashion/best-athleisure-wear-brands/,Natalie Wilson,https://thevou.com/author/natalie-wilson/,https://thevou.com/wp-content/uploads/2018/05/Athleisure-Wear-thevou.com-Feature-01.jpg,
Top 10 Future Of Fashion Trends Reshaping The Industry (In 2022),22 November 2021,https://thevou.com/fashion/future-of-fashion/,Bruce Knox,https://thevou.com/author/techwise/,https://thevou.com/wp-content/uploads/2018/11/WTVOX-future-of-fashion.jpg,
Here’s EVERYTHING You Need To Know About Vegan Leather (2022),21 November 2021,https://thevou.com/fashion/vegan-leather/,Mandy Meyer,https://thevou.com/author/mmeyer/,https://thevou.com/wp-content/uploads/2020/02/What-is-vegan-leather-00-wtvox.com_.jpg,
19 Best Vintage Clothing Online Stores & Brands (2021-2022),5 November 2021,https://thevou.com/fashion/vintage-clothing/,Ana Alves,https://thevou.com/author/ana/,https://thevou.com/wp-content/uploads/2020/02/What-is-Vintage-Clothing-wtvox.com-00_.jpg,
15 Best Sneaker Trends For Women – Most Popular (2021-2022),2 November 2021,https://thevou.com/fashion/womens-sneaker-trends/,Mandy Meyer,https://thevou.com/author/mmeyer/,https://thevou.com/wp-content/uploads/2021/09/Sneaker-trends-thevou.com-feature-01.jpg,
40 Best PLUS SIZE Clothing Brands & Online Stores In 2021-2022,1 November 2021,https://thevou.com/fashion/plus-size-clothing/,Marta Michnik,https://thevou.com/author/marta-michnik/,https://thevou.com/wp-content/uploads/2021/11/Plus-size-clothing-thevou.com-Feature-03.jpg,
"Top 29 Current Fashion Trends (2021-2022) – BEST Styles, Tips, Brands",28 October 2021,https://thevou.com/fashion/current-fashion-trends/,Mandy Meyer,https://thevou.com/author/mmeyer/,https://thevou.com/wp-content/uploads/2021/05/Current-fashion-trends-wtvox.com-Feature-01.jpg,
15 Best Smart Clothing For Top Performance & Health (2021-2022),28 October 2021,https://thevou.com/fashion/smart-clothing/,Rebecca Hunt,https://thevou.com/author/beccahunt/,https://thevou.com/wp-content/uploads/2021/02/Smart-clothing-thvou.com-feature-01.jpg,
20 Best Stores Like DOLLS KILL For Edgy Clothes (In 2022),27 October 2021,https://thevou.com/fashion/stores-like-dolls-kill/,Katherine Saxon,https://thevou.com/author/kathe-saxon/,https://thevou.com/wp-content/uploads/2021/05/Stores-Like-Dolls-Kill-wtvox.com-feature-pic-new-01.jpg,
27 Stores Like Princess Polly To Shop Online (In 2022),27 October 2021,https://thevou.com/fashion/stores-like-princess-polly/,Katherine Saxon,https://thevou.com/author/kathe-saxon/,https://thevou.com/wp-content/uploads/2021/04/Stores-Like-Princess-Polly-wtvox.com-feature-01.jpg,
Arabic Clothing in 2022 – Top 10 Online Stores & Islamic Fashion Guide,27 October 2021,https://thevou.com/fashion/arabic-clothing/,Mandy Meyer,https://thevou.com/author/mmeyer/,https://thevou.com/wp-content/uploads/2021/01/Arabic-Clothing-wtvox-feature-2021-02-1.jpg,
17 Best Period Panties That ACTUALLY Work (In 2022),26 October 2021,https://thevou.com/fashion/best-period-panties/,Lauren Campbell,https://thevou.com/author/lauren-campbell/,https://thevou.com/wp-content/uploads/2021/02/Period-Panties-thevou.com-Feature-01.jpg,
Egyptian Clothing 2022 – BEST Egyptian Fashion Designers and Trends,23 October 2021,https://thevou.com/fashion/egyptian-clothing/,Mandy Meyer,https://thevou.com/author/mmeyer/,https://thevou.com/wp-content/uploads/2020/11/Egyptian-fashion-and-clothing-wtvox.com-feature-00.jpg,
What EXACTLY Is Sustainable Fashion & Why Is SO Important (2022),21 October 2021,https://thevou.com/fashion/sustainable-fashion/,Ana Alves,https://thevou.com/author/ana/,https://thevou.com/wp-content/uploads/2019/07/wtvox-what-is-sustainable-fashion-circular.jpg,
33 Best Streetwear Brands In The World (2021-2022),16 September 2021,https://thevou.com/fashion/best-streetwear-brands/,Mandy Meyer,https://thevou.com/author/mmeyer/,https://thevou.com/wp-content/uploads/2021/03/streetwear-brands-wtvox.com-feature-01.jpg,
21 BEST Outdoor Clothing Brands In The World (2022),9 September 2021,https://thevou.com/fashion/outdoor-clothing-brands/,Mandy Meyer,https://thevou.com/author/mmeyer/,https://thevou.com/wp-content/uploads/2020/11/Outdoor-clothing-brands-wtvox.com-feature-00-1.jpg,
20 Most UNIQUE Engagement Rings For Every Taste & Budget (2021-2022),8 August 2021,https://thevou.com/fashion/best-engagement-rings/,Amanda Smith,https://thevou.com/author/amandasmith/,https://thevou.com/wp-content/uploads/2021/08/best-engagement-rings-thevou.com-feature-01.jpg,
Dark Academia Fashion EXPLAINED In 2022 (+ 30 Brands & Aesthetic Outfits),13 January 2021,https://thevou.com/fashion/dark-academia-fashion/,Katherine Saxon,https://thevou.com/author/kathe-saxon/,https://thevou.com/wp-content/uploads/2020/08/Dark-Academia-Fashion-wtvox.com-00.jpg,
"Pantone’s 2022 Colour of the Year, Very Peri, embraces strangeness",11 December 2021,https://www.vogue.in/fashion/content/pantones-2022-colour-of-the-year-very-peri-embraces-strangeness,Steff Yotka,,https://assets.vogue.in/photos/61b45ef8310967f8c82b14f0/1:1/w_1600%2Cc_limit/00008-Valentino-Couture-Fall-21-credit-Filippo-Fior-GoRunway.jpg,
Here are the seven finalists competing for the 2022 International Woolmark Prize,24 November 2021,https://www.vogue.in/fashion/content/here-are-the-seven-finalists-competing-for-the-2022-international-woolmark-prize,Chloe Chou,,https://assets.vogue.in/photos/619e15abc333178759b27df1/1:1/w_1600%2Cc_limit/IWP2022_GROUP_3_NOLOGO_1080X1920.jpg,
Meet the 10 breakout models of Spring 2022,31 October 2021,https://www.vogue.in/fashion/gallery/meet-the-10-breakout-models-of-spring-2022,Janelle Okwodu,,https://assets.vogue.in/photos/61727e878b7f5b733c9afa6e/1:1/w_1600%2Cc_limit/100_story.jpg,
10 trends that define the Spring 2022 season,21 October 2021,https://www.vogue.in/fashion/content/10-trends-that-define-the-spring-2022-season,Steff Yotka,,https://assets.vogue.in/photos/616e854e5b1891a27019ac41/1:1/w_1600%2Cc_limit/00_promo.jpg,
"From egg shell heels to demon basketball bags, the 9 wildest accessories of spring/summer 2022",12 October 2021,https://www.vogue.in/fashion/gallery/from-egg-shell-heels-to-demon-basketball-bags-the-9-wildest-accessories-of-spring-summer-2022,Vogue,,https://assets.vogue.in/photos/615f21f25c25eba05fcaf383/1:1/w_1600%2Cc_limit/trends22.png,
Watch the Dior ready-to-wear Spring/Summer 2022  show live here,28 September 2021,https://www.vogue.in/fashion/content/watch-the-dior-ready-to-wear-springsummer-2022-show-live-here,Akanksha Kamath    Esha Gupta,,https://assets.vogue.in/photos/615409bbaf5ef00a6269774f/1:1/w_1600%2Cc_limit/DIOR_SS22_RUNWAY%2520LOOK_69.jpg,
“I want to emphasise the beauty of the country”: Maria Grazia Chiuri on hosting Dior’s Cruise 2022 collection in Athens,18 June 2021,https://www.vogue.in/fashion/content/i-want-to-emphasise-the-beauty-of-the-country-maria-grazia-chiuri-on-hosting-diors-cruise-2022-collection-in-athens,Elis Kiss,,https://assets.vogue.in/photos/60cc47404fba32b9b63fd5c3/1:1/w_1600%2Cc_limit/Credit_Dionisis%2520Andrianopoulos.jpg,
Watch Louis Vuitton's Cruise 2022 show live here,15 June 2021,https://www.vogue.in/fashion/content/watch-louis-vuitton-cruise-2022-show-live-here,Shloka Mehta,,https://assets.vogue.in/photos/60c8857a50d94868c7b9d1ee/1:1/w_1600%2Cc_limit/200288449_301367381668596_8416896793540041636_n.jpg,
S&N by Shantanu and Nikhil’s spring/summer 2021 collection is an ode to travel,17 March 2021,https://www.vogue.in/fashion/content/sandn-by-shantanu-and-nikhils-springsummer-2021-collection-is-an-ode-to-travel,Praachi Raniwala,,https://assets.vogue.in/photos/60505bbdd4bdd6d4ee0f303c/1:1/w_1600%2Cc_limit/Shantanu%2520&%2520Nikhil%2520for%2520FDCI%2520X%2520LFW%25202021%25202.jpg,
Aditi Rao Hydari looked absolutely spring-ready in her floral satin shirt and  bright yellow shorts,22 February 2021,https://www.vogue.in/fashion/content/aditi-rao-hydari-pastel-blue-floral-satin-shirt-lemon-yellow-shorts-necklace-sandals,Priyal Verma,,https://assets.vogue.in/photos/60335bc7176c80700ec04a2e/1:1/w_1600%2Cc_limit/Aditi%2520Rao%2520Hydari%2520in%2520a%2520floral%2520satin%2520shirt%2520and%2520yellow%2520shorts.jpg,
These floral pieces will help you get through spring in style,11 February 2021,https://www.vogue.in/fashion/content/these-floral-pieces-will-help-you-get-through-spring-in-style,Yashna Chopra    Ria Kamat,,https://assets.vogue.in/photos/60250d11bdb744b35bdb9da9/1:1/w_1600%2Cc_limit/florals.jpg,
Rom-com dressing is the spring/summer 21 micro-trend that’s arrived just in time for valentine’s day,8 February 2021,https://www.vogue.in/fashion/gallery/rom-com-dressing-is-the-springsummer-21-micro-trend-thats-arrived-just-in-time-for-valentine-day,Naomi Pike,,https://assets.vogue.in/photos/6020e218110c3c0cec1092be/1:1/w_1600%2Cc_limit/MissVromcom.jpg,
8 high-drama shoes we loved at Couture Fashion Week spring/summer 21,1 February 2021,https://www.vogue.in/fashion/gallery/8-high-drama-shoes-we-loved-at-couture-fashion-week-springsummer-2021,Eni Subair,,https://assets.vogue.in/photos/6017b3eba932a492c643a81a/1:1/w_1600%2Cc_limit/00007-Schiaparelli-Couture-Spring-21-credit-Daniel-Roseberry.jpg,
“Go big and stay home”—5 fashion trends (and mantras) that ruled the spring/summer 2021 couture runways,1 February 2021,https://www.vogue.in/fashion/content/fashion-trends-and-mantras-that-ruled-the-springsummer-2021-couture-runways,Julia Hobbs,,https://assets.vogue.in/photos/60178acc3514c40d2b37e4e2/1:1/w_1600%2Cc_limit/00015-Schiaparelli-Couture-Spring-21-credit-Daniel-Roseberry.jpg,
Rahul Mishra gets philosophical about mushrooms for haute couture spring/summer 2021,28 January 2021,https://www.vogue.in/fashion/content/rahul-mishra-gets-philosophical-about-mushrooms-for-haute-couture-spring-summer-2021,Rujuta Vaidya,,https://assets.vogue.in/photos/60129c9a748c389ddd124e43/1:1/w_1600%2Cc_limit/Rahul%2520mishra%2520%2520Look%25203.jpg,
5 Things to know about Christian Dior’s mystical spring/summer2021 haute couture show,27 January 2021,https://www.vogue.in/fashion/gallery/5-things-to-know-about-christian-dior-mystical-spring-summer2021-haute-couture-show,Anders Christian Madsen,,https://assets.vogue.in/photos/6010f2a434030437fcf80922/1:1/w_1600%2Cc_limit/00007-Dior-Couture-Spring-2021-credit-ELINA-KECHICHEVA.jpg,
Watch the Valentino spring/summer 2021 couture show live here,26 January 2021,https://www.vogue.in/fashion/content/watch-the-valentino-springsummer-2021-couture-show-live-here,Vogue,,https://assets.vogue.in/photos/600ecc3b748c389ddd124dc3/1:1/w_1600%2Cc_limit/Valentino.jpg,
Watch the Dior spring/summer 2021 couture show live here,25 January 2021,https://www.vogue.in/fashion/content/watch-the-dior-springsummer-2021-couture-show-live-here,Kuvam Bansal,,https://assets.vogue.in/photos/600e8f9134030437fcf808f2/1:1/w_1600%2Cc_limit/Dior-Couture-Fall-2020-.jpg,
Highlights from Days 4 and 5 of Lotus Make-Up India Fashion Week spring/summer 2021,19 October 2020,https://www.vogue.in/fashion/content/highlights-from-days-4-and-5-of-lotus-make-up-india-fashion-week-springsummer-2021,Garima Gupta,,https://assets.vogue.in/photos/5f8d582231243af9c390adca/1:1/w_1600%2Cc_limit/Rohit-Gandhi-Rahul-Khanna-at-Lotus-Make-Up-India-Fashion-Week-spring-summer-2021-7.jpg,
Rina Dhaka at Lotus Make-Up India Fashion Week spring/summer 2021,19 October 2020,https://www.vogue.in/fashion/gallery/lotus-make-up-india-fashion-week-spring-summer-2021-designer-rina-dhaka,Vogue.in,,https://assets.vogue.in/photos/5f8d1d87d46f966182b9a69e/1:1/w_1600%2Cc_limit/Rina%2520Dhaka%2520%2520at%2520Lotus%2520Make-Up%2520India%2520Fashion%2520Week%2520spring%2520summer%25202021-1%2520at%2520Lotus%2520Make-Up%2520India%2520Fashion%2520Week%2520spring%2520summer%25202021-1.jpg,
Vikram Bajaj at Lotus Make-Up India Fashion Week spring/summer 2021,19 October 2020,https://www.vogue.in/fashion/gallery/lotus-make-up-india-fashion-week-spring-summer-2021-designer-vikram-bajaj,Vogue.in,,https://assets.vogue.in/photos/5f8d0d0031243af9c390adab/1:1/w_1600%2Cc_limit/Vikram%2520Bajaj%2520at%2520Lotus%2520Make-Up%2520India%2520Fashion%2520Week%2520spring%2520summer%25202021-1.jpg,
Pawan Sachdeva at Lotus Make-Up India Fashion Week spring/summer 2021,19 October 2020,https://www.vogue.in/fashion/gallery/lotus-make-up-india-fashion-week-spring-summer-2021-designer-pawan-sachdeva,Vogue.in,,https://assets.vogue.in/photos/5f8d12b8077c3eea35ebdcfe/1:1/w_1600%2Cc_limit/Pawan%2520Sachdeva%2520at%2520Lotus%2520Make-Up%2520India%2520Fashion%2520Week%2520spring%2520summer%25202021-2.jpg,
Rohit Gandhi + Rahul Khanna at Lotus Make-Up India Fashion Week spring/summer 2021,18 October 2020,https://www.vogue.in/fashion/gallery/lotus-make-up-india-fashion-week-spring-summer-2021-designer-rohit-gandhi-rahul-khanna,Vogue.in,,https://assets.vogue.in/photos/5f8af3f031243af9c390ad7d/1:1/w_1600%2Cc_limit/Rohit-Gandhi-Rahul-Khanna-at-Lotus-Make-Up-India-Fashion-Week-spring-summer-2021-7.jpg,
Janavi at Lotus Make-Up India Fashion Week spring/summer 2021,18 October 2020,https://www.vogue.in/fashion/gallery/lotus-make-up-india-fashion-week-spring-summer-2021-designer-janavi,Vogue.in,,https://assets.vogue.in/photos/5f8c348e077c3eea35ebdcec/1:1/w_1600%2Cc_limit/Janavi%2520at%2520Lotus%2520Make-Up%2520India%2520Fashion%2520Week%2520spring%2520summer%25202021-4.jpg,
Felix Bendish at Lotus Make-Up India Fashion Week spring/summer 2021,18 October 2020,https://www.vogue.in/fashion/gallery/lotus-make-up-india-fashion-week-spring-summer-2021-designer-felix-bendish,Vogue.in,,https://assets.vogue.in/photos/5f8c304ad46f966182b9a67d/1:1/w_1600%2Cc_limit/Felix%2520Bendish%2520at%2520Lotus%2520Make-Up%2520India%2520Fashion%2520Week%2520spring%2520summer%25202021-1.jpg,
Amaare at Lotus Make-Up India Fashion Week spring/summer 2021,18 October 2020,https://www.vogue.in/fashion/gallery/lotus-make-up-india-fashion-week-spring-summer-2021-designer-amaare,Vogue.in,,https://assets.vogue.in/photos/5f8c2e7fd46f966182b9a679/1:1/w_1600%2Cc_limit/Amaare%2520at%2520Lotus%2520Make-Up%2520India%2520Fashion%2520Week%2520spring%2520summer%25202021-7.jpg,
Ashish N Soni at Lotus Make-Up India Fashion Week spring/summer 2021,18 October 2020,https://www.vogue.in/fashion/gallery/lotus-make-up-india-fashion-week-spring-summer-2021-designer-ashish-n-soni,Vogue.in,,https://assets.vogue.in/photos/5f8be83e077c3eea35ebdcd4/1:1/w_1600%2Cc_limit/Ashish%2520N%2520Soni%2520at%2520Lotus%2520Make-Up%2520India%2520Fashion%2520Week%2520spring%2520summer%25202021-4.JPG,
Geisha Designs by Paras & Shalini at Lotus Make-Up India Fashion Week spring/summer 2021,18 October 2020,https://www.vogue.in/fashion/gallery/lotus-make-up-india-fashion-week-spring-summer-2021-designer-geisha-designs-by-paras-and-shalini,Vogue.in,,https://assets.vogue.in/photos/5f8be4f131243af9c390ad8d/1:1/w_1600%2Cc_limit/Geisha%2520Designs%2520by%2520Paras%2520&%2520Shalini%2520at%2520Lotus%2520Make-Up%2520India%2520Fashion%2520Week%2520spring%2520summer%25202021-8.jpg,
Virtues at Lotus Make-Up India Fashion Week spring/summer 2021,18 October 2020,https://www.vogue.in/fashion/gallery/lotus-make-up-india-fashion-week-spring-summer-2021-designer-virtues,Vogue.in,,https://assets.vogue.in/photos/5f8be3b6d46f966182b9a65f/1:1/w_1600%2Cc_limit/Virtues%2520at%2520Lotus%2520Make-Up%2520India%2520Fashion%2520Week%2520spring%2520summer%25202021-5.JPG,
Samant Chauhan at Lotus Make-Up India Fashion Week spring/summer 2021,17 October 2020,https://www.vogue.in/fashion/gallery/lotus-make-up-india-fashion-week-spring-summer-2021-designer-samant-chauhan,Vogue.in,,https://assets.vogue.in/photos/5f8aee46d46f966182b9a64d/1:1/w_1600%2Cc_limit/Samant%2520Chauhan%2520at%2520Lotus%2520Make-Up%2520India%2520Fashion%2520Week%2520spring%2520summer%25202021-10.JPG,
Nikita Mhaisalkar at Lotus Make-Up India Fashion Week spring/summer 2021 ,17 October 2020,https://www.vogue.in/fashion/gallery/lotus-make-up-india-fashion-week-spring-summer-2021-designer-nikita-mhaisalkar,Vogue.in,,https://assets.vogue.in/photos/5f8ad8a5077c3eea35ebdcb0/1:1/w_1600%2Cc_limit/Nikita%2520Mhaisalkar%2520at%2520Lotus%2520Make-Up%2520India%2520Fashion%2520Week%2520spring%2520summer%25202021%252011.jpg,
Nikhita - Mynah Designs at Lotus Make-Up India Fashion Week spring/summer 2021,17 October 2020,https://www.vogue.in/fashion/gallery/lotus-make-up-india-fashion-week-spring-summer-2021-designer-nikhita-mynah-designs,Vogue.in,,https://assets.vogue.in/photos/5f8acd4dd46f966182b9a62a/1:1/w_1600%2Cc_limit/Nikhita%2520-%2520Mynah%2520Designs%2520at%2520Lotus%2520Make-Up%2520India%2520Fashion%2520Week%2520spring%2520summer%25202021%25207.JPG,
Tisharth by Shivani at Lotus Make-Up India Fashion Week spring/summer 2021,17 October 2020,https://www.vogue.in/fashion/gallery/lotus-make-up-india-fashion-week-spring-summer-2021-designer-tisharth-by-shivani,Vogue.in,,https://assets.vogue.in/photos/5f8acf31077c3eea35ebdc9d/1:1/w_1600%2Cc_limit/Tisharth%2520by%2520Shivani%2520at%2520Lotus%2520Make-Up%2520India%2520Fashion%2520Week%2520spring%2520summer%25202021%25203.JPG,
Nidhi Yasha at Lotus Make-Up India Fashion Week spring/summer 2021 ,17 October 2020,https://www.vogue.in/fashion/gallery/lotus-make-up-india-fashion-week-spring-summer-2021-designer-nidhi-yasha,Vogue.in,,https://assets.vogue.in/photos/5f8ad21331243af9c390ad70/1:1/w_1600%2Cc_limit/Nidhi%2520Yasha%2520at%2520Lotus%2520Make-Up%2520India%2520Fashion%2520Week%2520spring%2520summer%25202021%2520%25206.JPG,
Abhishek Gupta at Lotus Make-Up India Fashion Week spring/summer 2021,17 October 2020,https://www.vogue.in/fashion/gallery/lotus-make-up-india-fashion-week-spring-summer-2021-designer-abhishek-gupta,Vogue.in,,https://assets.vogue.in/photos/5f8a93fb077c3eea35ebdc79/1:1/w_1600%2Cc_limit/Abhishek%2520Gupta%2520at%2520Lotus%2520Make-Up%2520India%2520Fashion%2520Week%2520spring%2520summer%25202021-3.JPG,
Varun Bahl at Lotus Make-Up India Fashion Week spring/summer 2021,17 October 2020,https://www.vogue.in/fashion/gallery/lotus-make-up-india-fashion-week-spring-summer-2021-designer-varun-bahl,Vogue.in,,https://assets.vogue.in/photos/5f8a990f077c3eea35ebdc87/1:1/w_1600%2Cc_limit/Varun%2520Bahl%2520at%2520Lotus%2520Make-Up%2520India%2520Fashion%2520Week%2520spring%2520summer%25202021-1.JPG,
Highlights from Days 2 and 3 of Lotus Make-Up India Fashion Week spring/summer 2021,17 October 2020,https://www.vogue.in/fashion/content/highlights-from-day-2-and-3-of-lotus-make-up-india-fashion-week-spring-summer-2021,Yashna Chopra,,https://assets.vogue.in/photos/5f8a8f37077c3eea35ebdc77/1:1/w_1600%2Cc_limit/TARUN%2520TAHILIANI.jpg,
Neeta Lulla at Lotus Make-Up India Fashion Week spring/summer 2021,16 October 2020,https://www.vogue.in/fashion/gallery/lotus-make-up-india-fashion-week-spring-summer-2021-designer-neeta-lulla,Vogue.in,,https://assets.vogue.in/photos/5f89a1cf71fcc3ca9a541659/1:1/w_1600%2Cc_limit/Neeta%2520Lulla%2520at%2520Lotus%2520Make-Up%2520India%2520Fashion%2520Week%2520spring%2520summer%25202021-5.JPG,
Gaya at Lotus Make-Up India Fashion Week spring/summer 2021,16 October 2020,https://www.vogue.in/fashion/gallery/lotus-make-up-india-fashion-week-spring-summer-2021-designer-gaya,Vogue.in,,https://assets.vogue.in/photos/5f8994d371fcc3ca9a541646/1:1/w_1600%2Cc_limit/Gaya%2520at%2520Lotus%2520Make-Up%2520India%2520Fashion%2520Week%2520spring%2520summer%25202021-9.jpg,
Naturally Anuradha at Lotus Make-Up India Fashion Week spring/summer 2021,16 October 2020,https://www.vogue.in/fashion/gallery/lotus-make-up-india-fashion-week-spring-summer-2021-designer-naturally-anuradha,Vogue.in,,https://assets.vogue.in/photos/5f89965a71fcc3ca9a541648/1:1/w_1600%2Cc_limit/Naturally%2520Anuradha%2520at%2520Lotus%2520Make-Up%2520India%2520Fashion%2520Week%2520spring%2520summer%25202021-3.jpg,
Rimi Nayak India at Lotus Make-Up India Fashion Week spring/summer 2021,16 October 2020,https://www.vogue.in/fashion/gallery/lotus-make-up-india-fashion-week-spring-summer-2021-designer-rimi-nayak-india,Vogue.in,,https://assets.vogue.in/photos/5f89985071fcc3ca9a54164f/1:1/w_1600%2Cc_limit/Rimi%2520Nayak%2520India%2520at%2520Lotus%2520Make-Up%2520India%2520Fashion%2520Week%2520spring%2520summer%25202021-1.JPG,
Suneet Varma at Lotus Make-Up India Fashion Week spring/summer 2021,16 October 2020,https://www.vogue.in/fashion/gallery/lotus-make-up-india-fashion-week-spring-summer-2021-designer-suneet-varma,Vogue.in,,https://assets.vogue.in/photos/5f898d982ec30d8967d83c0d/1:1/w_1600%2Cc_limit/Suneet%2520Varma%2520at%2520Lotus%2520Make-Up%2520India%2520Fashion%2520Week%2520spring%2520summer%25202021-1.JPG,
Ashima Leena at Lotus Make-Up India Fashion Week spring/summer 2021,16 October 2020,https://www.vogue.in/fashion/gallery/lotus-make-up-india-fashion-week-spring-summer-2021-designer-ashima-leena,Vogue.in,,https://assets.vogue.in/photos/5f898efd2ed1c0784ab7b0ce/1:1/w_1600%2Cc_limit/Ashima%2520Leena%2520at%2520Lotus%2520Make-Up%2520India%2520Fashion%2520Week%2520spring%2520summer%25202021-1.jpg,
Niki Mahajan at Lotus Make-Up India Fashion Week spring/summer 2021,16 October 2020,https://www.vogue.in/fashion/gallery/lotus-make-up-india-fashion-week-spring-summer-2021-designer-niki-mahajan,Vogue.in,,https://assets.vogue.in/photos/5f898b94dd9267ff5ae2076d/1:1/w_1600%2Cc_limit/Niki%2520Mahajan%2520at%2520Lotus%2520Make-Up%2520India%2520Fashion%2520Week%2520spring%2520summer%25202021-12.JPG,
Ravi Bajaj at Lotus Make-Up India Fashion Week spring/summer 2021,16 October 2020,https://www.vogue.in/fashion/gallery/lotus-make-up-india-fashion-week-spring-summer-2021-designer-ravi-bajaj,Vogue.in,,https://assets.vogue.in/photos/5f8974c72ed1c0784ab7b0bc/1:1/w_1600%2Cc_limit/Ravi%2520Bajaj%2520at%2520Lotus%2520Make-Up%2520India%2520Fashion%2520Week%2520spring%2520summer%25202021-5.JPG,
Gauri & Nainika at Lotus Make-Up India Fashion Week spring/summer 2021,16 October 2020,https://www.vogue.in/fashion/gallery/lotus-make-up-india-fashion-week-spring-summer-2021-designer-gauri-and-nainika,Vogue.in,,https://assets.vogue.in/photos/5f896db82ed1c0784ab7b0b6/1:1/w_1600%2Cc_limit/Gauri%2520Nainika%2520at%2520Lotus%2520Make-Up%2520India%2520Fashion%2520Week%2520spring%2520summer%25202021-3.jpg,
Siddartha Tytler at Lotus Make-Up India Fashion Week spring/summer 2021,16 October 2020,https://www.vogue.in/fashion/gallery/lotus-make-up-india-fashion-week-spring-summer-2021-designer-siddartha-tytler,Vogue.in,,https://assets.vogue.in/photos/5f896c00dd9267ff5ae20756/1:1/w_1600%2Cc_limit/Siddartha%2520Tytler%2520at%2520Lotus%2520Make-Up%2520India%2520Fashion%2520Week%2520spring%2520summer%25202021-1.jpg,
Vaishali S at Lotus Make-Up India Fashion Week spring/summer 2021,16 October 2020,https://www.vogue.in/fashion/gallery/lotus-make-up-india-fashion-week-spring-summer-2021-designer-vaishali-s,Vogue.in,,https://assets.vogue.in/photos/5f89686a2ed1c0784ab7b0ae/1:1/w_1600%2Cc_limit/Vaishali%2520S%2520at%2520Lotus%2520Make-Up%2520India%2520Fashion%2520Week%2520spring%2520summer%25202021-2.jpg,
Archana Rao at Lotus Make-Up India Fashion Week spring/summer 2021,15 October 2020,https://www.vogue.in/fashion/gallery/lotus-make-up-india-fashion-week-spring-summer-2021-designer-archana-rao,Vogue.in,,https://assets.vogue.in/photos/5f8971472ed1c0784ab7b0b8/1:1/w_1600%2Cc_limit/Archana%2520Rao%2520at%2520Lotus%2520Make-Up%2520India%2520Fashion%2520Week%2520spring%2520summer%25202021-7.jpg,
Guapa at Lotus Make-Up India Fashion Week spring/summer 2021,15 October 2020,https://www.vogue.in/fashion/gallery/lotus-make-up-india-fashion-week-spring-summer-2021-designer-guapa,Vogue.in,,https://assets.vogue.in/photos/5f88434c99038404dd4cca03/1:1/w_1600%2Cc_limit/Guapa%2520at%2520Lotus%2520Make-Up%2520India%2520Fashion%2520Week%2520spring%2520summer%25202021-4.jpg,
Highlights from Day 1 of Lotus Make-Up India Fashion Week spring/summer 2021,15 October 2020,https://www.vogue.in/fashion/content/highlights-from-day-1-of-lotus-make-up-india-fashion-week-springsummer-2021,Yashna Chopra,,https://assets.vogue.in/photos/5f882c5a2ed1c0784ab7b05b/1:1/w_1600%2Cc_limit/Collection%2520By%2520Vaishali%2520S.jpg,
Ranna Gill at Lotus Make-Up India Fashion Week spring/summer 2021,15 October 2020,https://www.vogue.in/fashion/gallery/lotus-make-up-india-fashion-week-spring-summer-2021-designer-ranna-gill,Vogue.in,,https://assets.vogue.in/photos/5f8836fcdd9267ff5ae206f6/1:1/w_1600%2Cc_limit/Ranna%2520Gill%2520at%2520Lotus%2520Make-Up%2520India%2520Fashion%2520Week%2520spring%2520summer%25202021-3.JPG,
Watch the Michael Kors spring/summer 2021 show live here,15 October 2020,https://www.vogue.in/fashion/content/watch-the-michael-kors-springsummer-2021-show-live-here,Yashna Chopra,,https://assets.vogue.in/photos/5f88137f71fcc3ca9a5415c2/1:1/w_1600%2Cc_limit/00056-Michael-Kors-RTW-Spring-21.jpg,
Nirmooha at Lotus Make-Up India Fashion Week spring/summer 2021,15 October 2020,https://www.vogue.in/fashion/gallery/lotus-make-up-india-fashion-week-spring-summer-2021-designer-nirmooha,Vogue.in,,https://assets.vogue.in/photos/5f881e4edd9267ff5ae206ee/1:1/w_1600%2Cc_limit/Nirmooha%2520at%2520Lotus%2520Make-Up%2520India%2520Fashion%2520Week%2520spring%2520summer%25202021-8.JPG,
Limerick by Abirr N' Nanki at Lotus Make-Up India Fashion Week spring/summer 2021,15 October 2020,https://www.vogue.in/fashion/gallery/lotus-make-up-india-fashion-week-spring-summer-2021-designer-limerick-by-abirr-n-nanki,Vogue.in,,https://assets.vogue.in/photos/5f8819f871fcc3ca9a5415c9/1:1/w_1600%2Cc_limit/Limerick%2520by%2520Abirr%2520N'%2520Nanki%2520at%2520Lotus%2520Make-Up%2520India%2520Fashion%2520Week%2520spring%2520summer%25202021-7.jpg,
Nitin Bal Chauhan at Lotus Make-Up India Fashion Week spring/summer 2021,15 October 2020,https://www.vogue.in/fashion/gallery/lotus-make-up-india-fashion-week-spring-summer-2021-designer-nitin-bal-chauhan,Vogue.in,,https://assets.vogue.in/photos/5f87ecc471fcc3ca9a5415b3/1:1/w_1600%2Cc_limit/Nitin%2520Bal%2520Chauhan%2520at%2520Lotus%2520Make-Up%2520India%2520Fashion%2520Week%2520spring%2520summer%25202021-1.JPG,
Dhi at Lotus Make-Up India Fashion Week spring/summer 2021,15 October 2020,https://www.vogue.in/fashion/gallery/lotus-make-up-india-fashion-week-spring-summer-2021-designer-dhi,Vogue.in,,https://assets.vogue.in/photos/5f87ea572ed1c0784ab7b042/1:1/w_1600%2Cc_limit/Dhi%2520at%2520Lotus%2520Make-Up%2520India%2520Fashion%2520Week%2520spring%2520summer%25202021-9.jpg,
Payal Jain at Lotus Make-Up India Fashion Week spring/summer 2021,15 October 2020,https://www.vogue.in/fashion/gallery/lotus-make-up-india-fashion-week-spring-summer-2021-designer-payal-jain,Vogue.in,,https://assets.vogue.in/photos/5f87e83571fcc3ca9a5415a6/1:1/w_1600%2Cc_limit/Payal%2520Jain%2520at%2520Lotus%2520Make-Up%2520India%2520Fashion%2520Week%2520spring%2520summer%25202021-9.jpg,
Namrata Joshipura at Lotus Make-Up India Fashion Week spring/summer 2021,15 October 2020,https://www.vogue.in/fashion/gallery/lotus-make-up-india-fashion-week-spring-summer-2021-designer-namrata-joshipura,Vogue.in,,https://assets.vogue.in/photos/5f87df0a2ed1c0784ab7b038/1:1/w_1600%2Cc_limit/Namrata%2520Joshipura%2520at%2520Lotus%2520Make-Up%2520India%2520Fashion%2520Week%2520spring%2520summer%25202021-6.jpg,
Rajesh Pratap Singh at Lotus Make-Up India Fashion Week spring/summer 2021,15 October 2020,https://www.vogue.in/fashion/gallery/lotus-make-up-india-fashion-week-spring-summer-2021-designer-rajesh-pratap-singh,Vogue.in,,https://assets.vogue.in/photos/5f87db6bdd9267ff5ae206be/1:1/w_1600%2Cc_limit/Rajesh-Pratap-Singh-at-Lotus-Make-Up-India-Fashion-Week-spring-summer-2021-2.jpg,
7 styling tricks to take from Chanel’s cinematic spring/summer 2021 collection,7 October 2020,https://www.vogue.in/fashion/gallery/7-styling-tricks-to-take-from-chanels-cinematic-springsummer-2021-collection,Alice Newbold,,https://assets.vogue.in/photos/5f7d56892ed1c0784ab7af7a/1:1/w_1600%2Cc_limit/_DAN0204.jpg,
Watch the Louis Vuitton spring/summer 2021 show live here,6 October 2020,https://www.vogue.in/fashion/content/watch-the-louis-vuitton-spring-summer-2021-show-live-here,Vogue.in,,https://assets.vogue.in/photos/5f7c50328dfc79cbc7ce7f61/1:1/w_1600%2Cc_limit/spring%2520summer%25202021.jpg,
Watch the Chanel spring/summer 2021 show live here,6 October 2020,https://www.vogue.in/fashion/content/watch-the-chanel-spring-summer-2021-show-live-here,Yashna Chopra,,https://assets.vogue.in/photos/5f7c0f86b03ec36224c2ea23/1:1/w_1600%2Cc_limit/Chanel.jpg,
“I always like there to be humour and fantasy within the story”: Thom Browne spring/summer 2021 is fit for a lunar odyssey,5 October 2020,https://www.vogue.in/fashion/content/thom-browne-springsummer-2021-is-fit-for-a-lunar-odyssey,Liam Freeman,,https://assets.vogue.in/photos/5f7af5f265763363b424808f/1:1/w_1600%2Cc_limit/06%2520Credit:%2520Courtesy%2520of%2520Thom%2520Browne.jpg,
"Positive, freeing and daring: Hermès’ spring/summer 2021 collection looks towards a better tomorrow ",5 October 2020,https://www.vogue.in/fashion/content/positive-freeing-and-daring-hermes-spring-summer-2021-collection-looks-towards-a-better-tomorrow,Rujuta Vaidya,,https://assets.vogue.in/photos/5f7af21ab03ec36224c2ea0a/1:1/w_1600%2Cc_limit/DETAILS_HERMES_PAPF_SS21@GasparRuizLindberg-25.jpg,
"Watch the Dior spring/summer 2021 show live here, with the rest of the world",29 September 2020,https://www.vogue.in/fashion/content/watch-the-dior-spring-summer-2021-show-live-here-with-the-rest-of-the-world,Garima Gupta,,https://assets.vogue.in/photos/5f7303c1cc7e04c3f12b8639/1:1/w_1600%2Cc_limit/_ALE0143.jpg,
15 joyous Valentino spring/summer 21 dresses to spark pure fashion escapism,28 September 2020,https://www.vogue.in/fashion/gallery/15-joyous-valentino-spring-summer-21-dresses-to-spark-pure-fashion-escapism,Alice Cary,,https://assets.vogue.in/photos/5f7191fc10dbc0617e889b78/1:1/w_1600%2Cc_limit/Valentino%2520Holder.jpg,
"For spring/summer 2021, Bibhu Mohapatra brought Amrita Sher-Gil to film",18 September 2020,https://www.vogue.in/fashion/content/spring-summer-2021-bibhu-mohapatra-brought-amrita-sher-gil-to-film,Priyanka Khanna,,https://assets.vogue.in/photos/5f648364705e820dfee8dfda/1:1/w_1600%2Cc_limit/bibhu-mohapatra-ss21.jpg,
What the Great Recession season of fall 2009 can tell us about the spring/summer 2021 collections to come,1 September 2020,https://www.vogue.in/fashion/content/what-the-great-recession-season-of-fall-2009-can-tell-us-about-the-springsummer-2021-collections-to-come,Nicole Phelps,,https://assets.vogue.in/photos/5f4def620861b305e8609ed9/1:1/w_1600%2Cc_limit/GettyImages-659249396.jpg,
Burberry plans a 'phygital' experience for spring 2021,23 June 2020,https://www.vogue.in/fashion/content/burberry-plans-a-phygital-experience-for-spring-2021,Steff Yotka,,https://assets.vogue.in/photos/5ef18257800c753aed1a4866/1:1/w_1600%2Cc_limit/19-burberry-backstage-fw20-corey-tenold.jpg,
How to spring clean your wardrobe while social distancing,25 March 2020,https://www.vogue.in/fashion/content/spring-cleaning-your-wardrobe-while-social-distancing-deepika-padukone-anushka-sharma-chiara-ferragni,Ria Kamat,,https://assets.vogue.in/photos/5e7b1a8728845e0008c7e983/1:1/w_1600%2Cc_limit/69817084_159214911820389_8074579563261241591_n.jpg,
Bring out your crochet hooks for one of spring/summer 2020’s knottiest trends,9 March 2020,https://www.vogue.in/fashion/content/crochet-trend-spring-summer-2020-lakme-fashion-week-shades-of-india-shirya-som,Kimi Dangor,,https://assets.vogue.in/photos/5e65ed3773a898000857b91f/1:1/w_1600%2Cc_limit/TNXX2498.jpg,
The best sheer dresses spotted at Lakmé Fashion Week spring/resort 2020,19 February 2020,https://www.vogue.in/fashion/content/the-12-best-sheer-designer-dresses-spotted-at-lakme-fashion-week-spring-resort-2020,Garima Gupta,,https://assets.vogue.in/photos/5e4d0d483d390d00086e0700/1:1/w_1600%2Cc_limit/DSC_2395.jpg,
The best saris spotted on the Lakmé Fashion Week spring/resort 2020 runways,17 February 2020,https://www.vogue.in/fashion/content/the-best-designer-saris-spotted-on-the-lakme-fashion-week-spring-resort-2020-runway-ritu-kumar-amit-aggarwal,Garima Gupta,,https://assets.vogue.in/photos/5e4a7161208dd60008089c0b/1:1/w_1600%2Cc_limit/LFW-SR20-D5-S5-Amit-Aggarwal-Runway-216.JPG,
