Blog Title,Blog Date,Author Name,Blog Link,Author Profile Link,Thumbnail Link
17 Best Adaptive Clothing Brands & Online Stores For All Needs (In 2022),21 December 2021,Ana Alves,https://thevou.com/fashion/adaptive-clothing/,https://thevou.com/author/ana/,https://thevou.com/wp-content/uploads/2021/12/Adaptive-Clothing-thevou.com-Feature-01.jpg
14 Best Affordable Maternity Clothes Stores To Order Online (2021-2022),21 December 2021,Rebecca Hunt,https://thevou.com/fashion/cheap-maternity-clothes/,https://thevou.com/author/beccahunt/,https://thevou.com/wp-content/uploads/2021/02/Cheap-maternity-clothes-wtvox.com-feature00.jpg
15 Best Women’s Activewear Brands To Shop In 2022 (MOST POPULAR),20 December 2021,Natalie Wilson,https://thevou.com/fashion/activewear-brands/,https://thevou.com/author/natalie-wilson/,https://thevou.com/wp-content/uploads/2021/12/Women-Activewear-thevou.com-Feature-01.jpg
32 Best Sustainable Clothing Brands TRENDY For All Body Sizes & Budgets (2022),19 December 2021,Mandy Meyer,https://thevou.com/fashion/sustainable-clothing/,https://thevou.com/author/mmeyer/,https://thevou.com/wp-content/uploads/2021/06/Sustainable-Clothing-thevou.com-Feature-01.jpg
"12 Best Kids Winter Coats For Girls, Boys, & Toddlers (2021-2022)",17 December 2021,Mandy Meyer,https://thevou.com/fashion/kids-winter-coats/,https://thevou.com/author/mmeyer/,https://thevou.com/wp-content/uploads/2021/09/Kids-Winter-Coat-thevou.com-Feature-01.jpg
10 Best Vegan Sneakers From The MOST Popular Brands (2021-2022),16 December 2021,Ana Alves,https://thevou.com/fashion/vegan-sneakers/,https://thevou.com/author/ana/,https://thevou.com/wp-content/uploads/2019/04/Vegan-Sneakers-thevou.com-feature-01.jpg
30 Best Fashion Movies Of All Time (2022 Update),7 December 2021,Katherine Saxon,https://thevou.com/fashion/best-fashion-movies/,https://thevou.com/author/kathe-saxon/,https://thevou.com/wp-content/uploads/2020/03/Top-20-Best-Fashion-Movies-Of-All-Times-wtvox.com-00.jpg
How To LOOK RICH On A Tight Budget – Best 18 TIPS (2021),5 December 2021,Natalie Wilson,https://thevou.com/fashion/how-to-look-rich/,https://thevou.com/author/natalie-wilson/,https://thevou.com/wp-content/uploads/2021/04/How-to-look-rich-wtvox.com-feature-00.jpg
11 Best 3D Printed Shoes For A Futuristic Style (Available For Sale Now),4 December 2021,Mandy Meyer,https://thevou.com/fashion/3d-printed-shoes/,https://thevou.com/author/mmeyer/,https://thevou.com/wp-content/uploads/2021/12/3d-printed-shoes-thevou.com-Feature-01.jpg
20 Best Vegan Handbags EVER For All Tastes & Pockets (2021-2022),3 December 2021,Katherine Saxon,https://thevou.com/fashion/vegan-handbags/,https://thevou.com/author/kathe-saxon/,https://thevou.com/wp-content/uploads/2021/02/Vegan-Handbags-thevou.com-feature-02.jpg
15 Best Clothing Rental Subscription Services Online – 2021,30 November 2021,Ana Alves,https://thevou.com/fashion/best-clothing-rental-subscription-service/,https://thevou.com/author/ana/,https://thevou.com/wp-content/uploads/2021/11/Clothing-Rental-thevou.com-feature-01.jpg
35 Best Athleisure Wear Brands For PERFECT Style & Comfort (In 2022),26 November 2021,Natalie Wilson,https://thevou.com/fashion/best-athleisure-wear-brands/,https://thevou.com/author/natalie-wilson/,https://thevou.com/wp-content/uploads/2018/05/Athleisure-Wear-thevou.com-Feature-01.jpg
What To Wear Hiking – Best Hiking Clothes Beginners Guide By A Pro (2021),25 November 2021,Emma Walker,https://thevou.com/fashion/what-to-wear-hiking/,https://thevou.com/author/emma-walker/,https://thevou.com/wp-content/uploads/2021/05/What-to-wear-Hiking-wtvox.com-feature-.jpg
Enjoy The Skiing Season With Isbjorn’s Kids Ski Jackets & Ski Sets,24 November 2021,Emma Walker,https://thevou.com/fashion/kids-ski-jackets/,https://thevou.com/author/emma-walker/,https://thevou.com/wp-content/uploads/2021/11/How-to-dress-your-kid-for-skiing-thevou.com-feature-01.jpg
Top 10 Future Of Fashion Trends Reshaping The Industry (In 2022),22 November 2021,Bruce Knox,https://thevou.com/fashion/future-of-fashion/,https://thevou.com/author/techwise/,https://thevou.com/wp-content/uploads/2018/11/WTVOX-future-of-fashion.jpg
10 Best Femboy Outfits In 2021 – Top Femoby Clothing Brands & Style Ideas,22 November 2021,Marta Michnik,https://thevou.com/fashion/femboy-outfits/,https://thevou.com/author/marta-michnik/,https://thevou.com/wp-content/uploads/2021/06/Femboy-Outfits-wtvox.com-Feature-01.jpg
6 Best SINBONO Bags (2021) – Vegan Handbags For Every Pocket & Style,21 November 2021,Mandy Meyer,https://thevou.com/fashion/sinbono-bags/,https://thevou.com/author/mmeyer/,https://thevou.com/wp-content/uploads/2021/11/Sinbono-bags-thevou.com-Feature-01.jpg
Here’s EVERYTHING You Need To Know About Vegan Leather (2022),21 November 2021,Mandy Meyer,https://thevou.com/fashion/vegan-leather/,https://thevou.com/author/mmeyer/,https://thevou.com/wp-content/uploads/2020/02/What-is-vegan-leather-00-wtvox.com_.jpg
"25 BEST Heated Gloves To Buy In 2021 (Thin, Rechargeable, Electric)",19 November 2021,Emma Walker,https://thevou.com/fashion/heated-gloves/,https://thevou.com/author/emma-walker/,https://thevou.com/wp-content/uploads/2021/11/Heating-Gloves.thevou.com_.main_.01.jpg
25 Best Cheap Workout Clothes & Gym Wear Clearance Sales (In 2021),16 November 2021,Marta Michnik,https://thevou.com/fashion/cheap-workout-clothes/,https://thevou.com/author/marta-michnik/,https://thevou.com/wp-content/uploads/2021/06/cheap-workout-clothes-wtvox.com-feature.jpg
"31 Best Sneaker Websites For Cool, Affordable & Authentic Kicks (2021)",10 November 2021,Reo Tanaka,https://thevou.com/fashion/best-sneaker-websites/,https://thevou.com/author/reo-tanaka/,https://thevou.com/wp-content/uploads/2021/04/Sneaker-websites-wtvox.com-feature-01.jpg
"25 Best Mens OVERALLS In 2021 (Affordable, Stylish, Functional)",10 November 2021,Reo Tanaka,https://thevou.com/fashion/mens-overalls/,https://thevou.com/author/reo-tanaka/,https://thevou.com/wp-content/uploads/2019/03/Mens-Overalls-thevou.com-Feature-0.jpg
19 Best Vintage Clothing Online Stores & Brands (2021-2022),5 November 2021,Ana Alves,https://thevou.com/fashion/vintage-clothing/,https://thevou.com/author/ana/,https://thevou.com/wp-content/uploads/2020/02/What-is-Vintage-Clothing-wtvox.com-00_.jpg
"The Best Baby Clothing Store For Girls, Boys & Unisex – 2021",5 November 2021,Mandy Meyer,https://thevou.com/fashion/baby-clothing-stores/,https://thevou.com/author/mmeyer/,https://thevou.com/wp-content/uploads/2021/11/Baby-Clothing-Store-thevou.com-Feature-01.jpg
15 Best Sneaker Trends For Women – Most Popular (2021-2022),2 November 2021,Mandy Meyer,https://thevou.com/fashion/womens-sneaker-trends/,https://thevou.com/author/mmeyer/,https://thevou.com/wp-content/uploads/2021/09/Sneaker-trends-thevou.com-feature-01.jpg
40 Best PLUS SIZE Clothing Brands & Online Stores In 2021-2022,1 November 2021,Marta Michnik,https://thevou.com/fashion/plus-size-clothing/,https://thevou.com/author/marta-michnik/,https://thevou.com/wp-content/uploads/2021/11/Plus-size-clothing-thevou.com-Feature-03.jpg
30 Best Androgynous Clothing Brands For All Body Shapes (In 2021),28 October 2021,Aidan Russell,https://thevou.com/fashion/androgynous-clothing/,https://thevou.com/author/aidan-russell/,https://thevou.com/wp-content/uploads/2021/05/Androgynous-clothing-wtvox.com-feature-01.jpg
"Top 29 Current Fashion Trends (2021-2022) – BEST Styles, Tips, Brands",28 October 2021,Mandy Meyer,https://thevou.com/fashion/current-fashion-trends/,https://thevou.com/author/mmeyer/,https://thevou.com/wp-content/uploads/2021/05/Current-fashion-trends-wtvox.com-Feature-01.jpg
"Androgynous Fashion GUIDE – History, Trends & Top Brands (2021)",28 October 2021,Aidan Russell,https://thevou.com/fashion/androgynous-fashion-androgynous-clothing/,https://thevou.com/author/aidan-russell/,https://thevou.com/wp-content/uploads/2020/07/Androgynous-Fashion-wtvox.com-00.jpg
15 Best Smart Clothing For Top Performance & Health (2021-2022),28 October 2021,Rebecca Hunt,https://thevou.com/fashion/smart-clothing/,https://thevou.com/author/beccahunt/,https://thevou.com/wp-content/uploads/2021/02/Smart-clothing-thvou.com-feature-01.jpg
20 Best Stores Like DOLLS KILL For Edgy Clothes (In 2022),27 October 2021,Katherine Saxon,https://thevou.com/fashion/stores-like-dolls-kill/,https://thevou.com/author/kathe-saxon/,https://thevou.com/wp-content/uploads/2021/05/Stores-Like-Dolls-Kill-wtvox.com-feature-pic-new-01.jpg
27 Stores Like Princess Polly To Shop Online (In 2022),27 October 2021,Katherine Saxon,https://thevou.com/fashion/stores-like-princess-polly/,https://thevou.com/author/kathe-saxon/,https://thevou.com/wp-content/uploads/2021/04/Stores-Like-Princess-Polly-wtvox.com-feature-01.jpg
Arabic Clothing in 2022 – Top 10 Online Stores & Islamic Fashion Guide,27 October 2021,Mandy Meyer,https://thevou.com/fashion/arabic-clothing/,https://thevou.com/author/mmeyer/,https://thevou.com/wp-content/uploads/2021/01/Arabic-Clothing-wtvox-feature-2021-02-1.jpg
17 Best Period Panties That ACTUALLY Work (In 2022),26 October 2021,Lauren Campbell,https://thevou.com/fashion/best-period-panties/,https://thevou.com/author/lauren-campbell/,https://thevou.com/wp-content/uploads/2021/02/Period-Panties-thevou.com-Feature-01.jpg
Egyptian Clothing 2022 – BEST Egyptian Fashion Designers and Trends,23 October 2021,Mandy Meyer,https://thevou.com/fashion/egyptian-clothing/,https://thevou.com/author/mmeyer/,https://thevou.com/wp-content/uploads/2020/11/Egyptian-fashion-and-clothing-wtvox.com-feature-00.jpg
Online Clothes Shopping With YesStyle (Our Top Picks),21 October 2021,Ana Alves,https://thevou.com/fashion/online-clothes-shopping/,https://thevou.com/author/ana/,https://thevou.com/wp-content/uploads/2021/10/YesStyle-thevou.com-Feature-0.jpg
What EXACTLY Is Sustainable Fashion & Why Is SO Important (2022),21 October 2021,Ana Alves,https://thevou.com/fashion/sustainable-fashion/,https://thevou.com/author/ana/,https://thevou.com/wp-content/uploads/2019/07/wtvox-what-is-sustainable-fashion-circular.jpg
Y2K Fashion: How To Dress Like Y2K In 2021 (Full Guide + 16 Clothing Stores),18 October 2021,Marta Michnik,https://thevou.com/fashion/y2k-fashion/,https://thevou.com/author/marta-michnik/,https://thevou.com/wp-content/uploads/2021/08/Y2K-fashion-thevou-FEATURE.jpg
25 BEST Faux Leather & Vegan Leather Jackets For All Budgets (2021),17 October 2021,Ana Alves,https://thevou.com/fashion/vegan-leather-jacket/,https://thevou.com/author/ana/,https://thevou.com/wp-content/uploads/2021/02/Vegan-Leather-Jacket-thevou.com-feature-001.jpg
"Cottagecore EXPLAINED – What It Is, How It Started, Why Is So POPULAR",6 October 2021,Katherine Saxon,https://thevou.com/fashion/cottagecore/,https://thevou.com/author/kathe-saxon/,https://thevou.com/wp-content/uploads/2021/04/cottagecore-wtvox.com-feature-01.jpg
27 Best Cottagecore Fashion Brands & Outfits Ideas (In 2021),5 October 2021,Katherine Saxon,https://thevou.com/fashion/cottagecore-fashion/,https://thevou.com/author/kathe-saxon/,https://thevou.com/wp-content/uploads/2021/10/Cottagecore-Fashion-thevou.com-Feature-01.jpg
29 Most Popular Japanese Fashion Trends of 2021 in Harajuku,27 September 2021,Mandy Meyer,https://thevou.com/fashion/japanese-fashion/,https://thevou.com/author/mmeyer/,https://thevou.com/wp-content/uploads/2021/08/Japanese-Fashion-Trends-thevou.com-Feature-01.jpg
"25 Best E-girl Clothing Stores, Outfits Ideas, & Style Tips (2021)",24 September 2021,Marta Michnik,https://thevou.com/fashion/e-girl-clothing/,https://thevou.com/author/marta-michnik/,https://thevou.com/wp-content/uploads/2021/06/e-girl-clothing-wtvox.com-feature.jpg
33 Best Streetwear Brands In The World (2021-2022),16 September 2021,Mandy Meyer,https://thevou.com/fashion/best-streetwear-brands/,https://thevou.com/author/mmeyer/,https://thevou.com/wp-content/uploads/2021/03/streetwear-brands-wtvox.com-feature-01.jpg
65 Best Jeans For Women In 2021 – Stylish & Affordable,15 September 2021,Mandy Meyer,https://thevou.com/fashion/jeans-for-women/,https://thevou.com/author/mmeyer/,https://thevou.com/wp-content/uploads/2021/09/Jeans-For-Women-thevou.com-Feature-02.jpg
Most Expensive Cars Used In Hollywood Movies,12 September 2021,Reo Tanaka,https://thevou.com/fashion/most-expensive-cars/,https://thevou.com/author/reo-tanaka/,https://thevou.com/wp-content/uploads/2021/09/Most-Expensive-Cars-thvou.com-Feature-01.jpg
21 BEST Outdoor Clothing Brands In The World (2022),9 September 2021,Mandy Meyer,https://thevou.com/fashion/outdoor-clothing-brands/,https://thevou.com/author/mmeyer/,https://thevou.com/wp-content/uploads/2020/11/Outdoor-clothing-brands-wtvox.com-feature-00-1.jpg
15 Best Fairy Grunge Clothing Stores & Outfits Ideas To Shop In 2021,8 September 2021,Katherine Saxon,https://thevou.com/fashion/fairy-grunge/,https://thevou.com/author/kathe-saxon/,https://thevou.com/wp-content/uploads/2021/09/fairy-grunge-thevou.com-Feature-1.jpg
Black Tie Dress Code For Men: Everything About Wearing Black Tie,6 September 2021,Susan Kim,https://thevou.com/fashion/black-tie/,https://thevou.com/author/susan-kim/,https://thevou.com/wp-content/uploads/2021/09/Black-Tie-thevou.com-Feature.jpg
Top 20 Luxury Cars And Fashion Brands Collaborations Of All Times,3 September 2021,Reo Tanaka,https://thevou.com/fashion/luxury-cars-fashion-brands-collaboration/,https://thevou.com/author/reo-tanaka/,https://thevou.com/wp-content/uploads/2021/09/Luxury-cars-fashion-brands-collaboration-thevou.com-Feature-01.jpg
"Top 35 Best Fashion Startups Ever (2021 Edition) – Sustainable, Innovative, Circular",3 September 2021,Rebecca Hunt,https://thevou.com/fashion/fashion-startups/,https://thevou.com/author/beccahunt/,https://thevou.com/wp-content/uploads/2020/11/Fashion-Startups-wtvox.com-feature-00.jpg
"Korean Fashion: Best Clothing Brands, Online Stores, and Trends of 2021",2 September 2021,Mandy Meyer,https://thevou.com/fashion/korean-fashion/,https://thevou.com/author/mmeyer/,https://thevou.com/wp-content/uploads/2021/09/Korean-Fashion-thevou.com-feature-01.jpg
"Retro Futurism Explained – Definition, Aesthetic, Fashion Examples (2021)",28 August 2021,Mandy Meyer,https://thevou.com/fashion/retro-futurism/,https://thevou.com/author/mmeyer/,https://thevou.com/wp-content/uploads/2021/08/retro-futurism-thevou.com-feature-02.jpg
21 Best Brands Like Free People In 2021 + Affordable Stores,18 August 2021,Katherine Saxon,https://thevou.com/fashion/brands-like-free-people/,https://thevou.com/author/kathe-saxon/,https://thevou.com/wp-content/uploads/2020/08/brands-like-free-people-wtvox.com-00.jpg
Top 14 Best Cyberpunk Clothing Brands And Online Stores (2021),13 August 2021,Mandy Meyer,https://thevou.com/fashion/cyberpunk-clothing/,https://thevou.com/author/mmeyer/,https://thevou.com/wp-content/uploads/2021/08/Cyber-Clothing-thevou.com-feature-01.jpg
Best 12 Outfit Generator Apps And Websites Of 2021,12 August 2021,Ana Alves,https://thevou.com/fashion/outfit-generator/,https://thevou.com/author/ana/,https://thevou.com/wp-content/uploads/2021/08/outfit-generator-thevou.com-Featured-03.jpg
27 Best Sock Sneakers Of 2021 For Every Budget And Style,11 August 2021,Mandy Meyer,https://thevou.com/fashion/sock-sneakers/,https://thevou.com/author/mmeyer/,https://thevou.com/wp-content/uploads/2021/08/Sock-sneakers-thevou.com-feature-01.jpg
Why is Lululemon so Expensive? Three Main Reasons (In 2021),11 August 2021,Mandy Meyer,https://thevou.com/fashion/why-is-lululemon-so-expensive/,https://thevou.com/author/mmeyer/,https://thevou.com/wp-content/uploads/2020/08/Why-is-Lululemon-so-expensive-wtvox.com-00.jpg
9 Best Techwear Brands For Women In 2021,10 August 2021,Mandy Meyer,https://thevou.com/fashion/techwear/,https://thevou.com/author/mmeyer/,https://thevou.com/wp-content/uploads/2021/08/Techwear-Brands-thevou.com-feature-01.jpg
20 Most UNIQUE Engagement Rings For Every Taste & Budget (2021-2022),8 August 2021,Amanda Smith,https://thevou.com/fashion/best-engagement-rings/,https://thevou.com/author/amandasmith/,https://thevou.com/wp-content/uploads/2021/08/best-engagement-rings-thevou.com-feature-01.jpg
31 Best Affordable Sustainable Clothing Brands (2021),29 July 2021,Ana Alves,https://thevou.com/fashion/affordable-sustainable-clothing-brands/,https://thevou.com/author/ana/,https://thevou.com/wp-content/uploads/2019/12/Affordable-sustainable-clothing-wtvox.com-feature-002.jpg
Light Academia EXPLAINED: The Most Popular Aesthetic After Dark Academia In 2021,27 July 2021,Marta Michnik,https://thevou.com/fashion/light-academia/,https://thevou.com/author/marta-michnik/,https://thevou.com/wp-content/uploads/2021/07/Light-Academia-thevou.com-FEATURE.jpg
"Wearable Technology: Definition, Examples, Top Companies In 2021",22 July 2021,Bruce Knox,https://thevou.com/fashion/wearable-technology/,https://thevou.com/author/techwise/,https://thevou.com/wp-content/uploads/2021/07/Wearable-Technology-thevou.com-feature-01.jpg
"Mushroom Leather – Ultimate Guide; What It Is, How Is Made",8 July 2021,Katherine Saxon,https://thevou.com/fashion/mushroom-leather/,https://thevou.com/author/kathe-saxon/,https://thevou.com/wp-content/uploads/2020/07/Mushroom-leather-wtvox-00.jpg
30 Best Aesthetic Clothing Online Stores In 2021,6 July 2021,Marta Michnik,https://thevou.com/fashion/aesthetic-clothing/,https://thevou.com/author/marta-michnik/,https://thevou.com/wp-content/uploads/2021/07/Aesthetic-Clothing-thevou.com-feature-01.jpg
Kimono vs Yukata: The Most Important Differences and Similarities,24 June 2021,Marta Michnik,https://thevou.com/fashion/kimono-vs-yukata/,https://thevou.com/author/marta-michnik/,https://thevou.com/wp-content/uploads/2021/06/Kimono-vs-Yukata-wtvox.com-feature.jpg
"Top 12 Print On Demand Companies In 2021 (Shirts, Books)",23 June 2021,Bruce Knox,https://thevou.com/fashion/print-on-demand/,https://thevou.com/author/techwise/,https://thevou.com/wp-content/uploads/2021/06/Print-on-demand-wtvox.com-FEATURE-0-1.jpg
40 Best Petite Clothing Stores And Brands For All Budgets,17 June 2021,Marta Michnik,https://thevou.com/fashion/petite-clothing/,https://thevou.com/author/marta-michnik/,https://thevou.com/wp-content/uploads/2021/06/petite-clothing-wtvox.com-FEATURE-01.jpg
30 Best Sustainable Sneakers For All Budgets And Styles (In 2021),14 June 2021,Marta Michnik,https://thevou.com/fashion/sustainable-sneakers/,https://thevou.com/author/marta-michnik/,https://thevou.com/wp-content/uploads/2018/09/sustainable-sneakers-wtvox.com-Feature-01.jpg
What To Wear To A Casino – Best GUIDE For PERFECT Casino Dress Code,4 June 2021,Susan Kim,https://thevou.com/fashion/what-to-wear-to-a-casino/,https://thevou.com/author/susan-kim/,https://thevou.com/wp-content/uploads/2021/06/What-to-wear-to-a-casino-wtvox.com-FEATURE-01.jpg
33 Must-Know Cheap Streetwear Brands – Stylish & Hype (In 2021),6 May 2021,Mandy Meyer,https://thevou.com/fashion/cheap-streetwear-brands/,https://thevou.com/author/mmeyer/,https://thevou.com/wp-content/uploads/2021/05/Cheap-streetwear-brands-wtvox.com-feature-02.jpg
39 Best Selling Private Label Products (2021) + Ultimate Guide,30 April 2021,Bruce Knox,https://thevou.com/fashion/private-label-products/,https://thevou.com/author/techwise/,https://thevou.com/wp-content/uploads/2021/04/Private-label-products-wtvox.com-feature-00.jpg
"25 Best Organic Cotton Underwear – US, UK, Canada, Europe [2021]",18 April 2021,Mandy Meyer,https://thevou.com/fashion/organic-cotton-underwear/,https://thevou.com/author/mmeyer/,https://thevou.com/wp-content/uploads/2021/04/Organic-cotton-underwear-wtvox.com-feature-01.jpg
21 Best British Clothing Brands Worn By Londoners (2021),17 April 2021,Ana Alves,https://thevou.com/fashion/british-clothing-brands/,https://thevou.com/author/ana/,https://thevou.com/wp-content/uploads/2020/07/British-fashion-brands-wtvox.com-1x1-00.jpg
21 Best Goth Clothing Brands For All Bodies & Budgets (In 2021),16 April 2021,Katherine Saxon,https://thevou.com/fashion/goth-clothing-brands/,https://thevou.com/author/kathe-saxon/,https://thevou.com/wp-content/uploads/2021/04/Goth-Clothing-Brands-wtvox.com-feature-01.jpg
Why Is Supreme So Expensive? And Is It Really Worth It?,13 April 2021,Ana Alves,https://thevou.com/fashion/why-is-supreme-so-expensive/,https://thevou.com/author/ana/,https://thevou.com/wp-content/uploads/2021/04/Why-is-Supreme-So-Expensive-wtvox.com-feature-00.jpg
34 Best Online Thrift Stores Of 2021 (The Biggest and The Cheapest),12 April 2021,Ana Alves,https://thevou.com/fashion/online-thrift-store/,https://thevou.com/author/ana/,https://thevou.com/wp-content/uploads/2021/01/Online-thrift-stores-wtvox.com-feature-01.jpg
"Complete Fast Fashion Guide – Definitions, Problems, Examples, Solutions",7 April 2021,Katherine Saxon,https://thevou.com/fashion/fast-fashion/,https://thevou.com/author/kathe-saxon/,https://thevou.com/wp-content/uploads/2020/10/Fast-fashion-wtvox.com-feature-00.jpg
36 Stores Like Anthropologie To Shop Online In 2021,6 April 2021,Katherine Saxon,https://thevou.com/fashion/stores-like-anthropologie/,https://thevou.com/author/kathe-saxon/,https://thevou.com/wp-content/uploads/2021/04/Stores-like-anthropologie-wtvox.com-feature-01.jpg
38 Best Fitness Trackers For All Budgets (In 2021),31 March 2021,Natalie Wilson,https://thevou.com/fashion/best-fitness-trackers/,https://thevou.com/author/natalie-wilson/,https://thevou.com/wp-content/uploads/2015/12/fitness-tracker-wtvox.com-feature-01.jpg
Best Slow Fashion Brands In 2021 – Top 10 By Style And Price,30 March 2021,Ana Alves,https://thevou.com/fashion/slow-fashion-brands/,https://thevou.com/author/ana/,https://thevou.com/wp-content/uploads/2020/04/Ten-Slow-Fashion-Brands-wtvox.com-00.jpg
Everything Slow Fashion – Celebrities + 10 Sustainable Clothing Brands (2021),29 March 2021,Rebecca Hunt,https://thevou.com/fashion/slow-fashion/,https://thevou.com/author/beccahunt/,https://thevou.com/wp-content/uploads/2020/07/Slow-fashion-wtvox.com-feature-00-.jpg
Natural Fibers: Fastest Way To Achieving Sustainable Fashion,23 March 2021,Ana Alves,https://thevou.com/fashion/natural-fibers/,https://thevou.com/author/ana/,https://thevou.com/wp-content/uploads/2021/03/Natural-fabrics-wtvox.com-feature-01.jpg
29 Best Hiking Shoes for Women In 2021 (For All Budgets),17 March 2021,Mandy Meyer,https://thevou.com/fashion/best-hiking-shoes-for-women/,https://thevou.com/author/mmeyer/,https://thevou.com/wp-content/uploads/2021/03/best-hiking-shoes-for-women-wtvox.com-feature-01.jpg
21 Best Smartwatch of 2021 (For Android & iPhone),15 March 2021,Aidan Russell,https://thevou.com/fashion/best-smartwatch/,https://thevou.com/author/aidan-russell/,https://thevou.com/wp-content/uploads/2015/10/Best-smartwatch-wtvox.com-Feature-01.jpg
26 Best Maternity Swimwear And Swimsuits For Expecting Moms,11 March 2021,Rebecca Hunt,https://thevou.com/fashion/maternity-swimwear/,https://thevou.com/author/beccahunt/,https://thevou.com/wp-content/uploads/2021/03/Maternity-Swimwear-wtvox.com-feature-00.jpg
"11 Best Neck Gaiters of 2021 for Running, Workout, & COVID Protection",26 February 2021,Emma Walker,https://thevou.com/fashion/neck-gaiters/,https://thevou.com/author/emma-walker/,https://thevou.com/wp-content/uploads/2021/02/neck-gaiter-wtvox.com-feature-01.jpg
33 Best Squat Proof Leggings For Any Budget & Taste (2021),24 February 2021,Mandy Meyer,https://thevou.com/fashion/squat-proof-leggings/,https://thevou.com/author/mmeyer/,https://thevou.com/wp-content/uploads/2021/02/Squat-Proof-Leggings-wtvox.com-feature-01-1.jpg
"11 Best Sneaker Bots of 2021 – Good, Bad & Where To Buy",22 February 2021,Bruce Knox,https://thevou.com/fashion/sneaker-bot/,https://thevou.com/author/techwise/,https://thevou.com/wp-content/uploads/2021/02/Sneaker-bot-wtvox.com-what-is-sneaker-bot-01.jpg
Top Fashion Brands In The World (Best 25 of 2020-2021),21 February 2021,Mandy Meyer,https://thevou.com/fashion/top-fashion-brands/,https://thevou.com/author/mmeyer/,https://thevou.com/wp-content/uploads/2020/08/Top-Fashion-Brands-wtvox.com-00.jpg
Top 25 Vegan Leather Bags For Any Budget – Best Of 2021,10 February 2021,Mandy Meyer,https://thevou.com/fashion/vegan-leather-bags/,https://thevou.com/author/mmeyer/,https://thevou.com/wp-content/uploads/2021/02/Vegan-leather-bags-wtvox.com-feature-01-1.jpg
Technology In Fashion – 5 Innovations Reshaping The Industry (2021),23 January 2021,Rebecca Hunt,https://thevou.com/fashion/technology-in-fashion/,https://thevou.com/author/beccahunt/,https://thevou.com/wp-content/uploads/2020/11/Technology-in-Fashion-wtvox.com-feature-00.jpg
Dark Academia Fashion EXPLAINED In 2022 (+ 30 Brands & Aesthetic Outfits),13 January 2021,Katherine Saxon,https://thevou.com/fashion/dark-academia-fashion/,https://thevou.com/author/kathe-saxon/,https://thevou.com/wp-content/uploads/2020/08/Dark-Academia-Fashion-wtvox.com-00.jpg
Fashion Innovation – Top 22 Technologies Shaping The Fashion Industry (2021),10 January 2021,Bruce Knox,https://thevou.com/fashion/fashion-innovation/,https://thevou.com/author/techwise/,https://thevou.com/wp-content/uploads/2020/11/Fashion-innovation-wtvox.com-feature-00.jpg
Top 14 Gender Neutral Clothing Brands (In 2021) – Stylish & Affordable,6 January 2021,Katherine Saxon,https://thevou.com/fashion/gender-neutral-clothing/,https://thevou.com/author/kathe-saxon/,https://thevou.com/wp-content/uploads/2021/01/Gender-neutral-clothing-wtvox.com-feature-00-1.jpg
"Best Eyewear Trends of 2021 – 8 Frames, 8 Celebs, & Top 5 Brands",3 January 2021,Mandy Meyer,https://thevou.com/fashion/eyewear-trends/,https://thevou.com/author/mmeyer/,https://thevou.com/wp-content/uploads/2020/08/Eyewear-Trends-2020-wtvox.com-000.jpg
17 Ethical Clothing Brands – Stylish & Affordable (2021),21 December 2020,Mandy Meyer,https://thevou.com/fashion/best-ethical-clothing-brands/,https://thevou.com/author/mmeyer/,https://thevou.com/wp-content/uploads/2020/12/Ethical-clothing-brands-wtvox.com-feature-00.jpg
3D Printed Clothing Shows Perfect Customization Is Possible,3 December 2020,Mandy Meyer,https://thevou.com/fashion/3d-printed-clothing/,https://thevou.com/author/mmeyer/,https://thevou.com/wp-content/uploads/2018/06/3D-printed-Fashion.jpg
Why Is Gucci So Expensive? Here’s The Most Detailed Answer – 2021,29 November 2020,Ana Alves,https://thevou.com/fashion/gucci-so-expensive/,https://thevou.com/author/ana/,https://thevou.com/wp-content/uploads/2020/11/Why-is-Gucci-so-expensive-wtvox.com-feature-00.jpg
Top 10 Most Expensive Luxury Smartwatches In The World (2021 Update),27 November 2020,Bruce Knox,https://thevou.com/fashion/luxury-smartwatch/,https://thevou.com/author/techwise/,https://thevou.com/wp-content/uploads/2020/11/Luxury-smartwatch-wtvox.com-feature-01.jpg
What Is Considered Vintage In Fashion? Retro vs Antique vs Vintage,25 November 2020,Ana Alves,https://thevou.com/fashion/what-is-considered-vintage/,https://thevou.com/author/ana/,https://thevou.com/wp-content/uploads/2020/11/What-is-considered-as-vintage-in-fashion-wtvox.com-feature-00.jpg
Top 3 Smart Jewelry To Make Your Life Easier And Fashionable,23 November 2020,Rebecca Hunt,https://thevou.com/fashion/smart-jewelry/,https://thevou.com/author/beccahunt/,https://thevou.com/wp-content/uploads/2018/01/luxury-smartwatches-wtvox.jpg
This Is Why Kelp Leather Is The Best Vegan Leather Alternative To Animals Skin,17 November 2020,Ana Alves,https://thevou.com/fashion/kelp-leather/,https://thevou.com/author/ana/,https://thevou.com/wp-content/uploads/2020/11/Kelp-leather-wtvox.com-00.jpg
This Is Where To Get Your Chanel Face Mask For An Ultimate Fashion Statement,12 November 2020,Mandy Meyer,https://thevou.com/fashion/chanel-face-mask/,https://thevou.com/author/mmeyer/,https://thevou.com/wp-content/uploads/2020/11/Chanel-Face-Masks-wtvox.com-feature-01.jpg
What Is Fashion Technology? Expert Definition And Examples (2021),9 November 2020,Bruce Knox,https://thevou.com/fashion/what-is-fashion-technology/,https://thevou.com/author/techwise/,https://thevou.com/wp-content/uploads/2020/11/What-is-fashion-technology-wtvox.com-feature-00.jpg
"Best Womens Streetwear Guide [2021 Trends, Styles, Brands]",2 November 2020,Mandy Meyer,https://thevou.com/fashion/womens-streetwear/,https://thevou.com/author/mmeyer/,https://thevou.com/wp-content/uploads/2020/10/Womens-streetwear-style-wtvox.com-feature-00.jpg
These Are The Top 10 Fashion Blogs Of 2020,23 September 2020,Mandy Meyer,https://thevou.com/fashion/top-10-fashion-blogs/,https://thevou.com/author/mmeyer/,https://thevou.com/wp-content/uploads/2020/09/fashion-blogs-2020-wtvox.com-00.jpg
How To Style Streetwear Fashion In 5 Steps (2021 update),13 September 2020,Mandy Meyer,https://thevou.com/fashion/tips-to-style-streetwear-fashion/,https://thevou.com/author/mmeyer/,https://thevou.com/wp-content/uploads/2020/09/Style-Streetwear-Fashion-wtvox.com-00.jpg
Top 15 Best Sustainable Lingerie Brands In 2021,24 August 2020,Mandy Meyer,https://thevou.com/fashion/sustainable-lingerie-brands/,https://thevou.com/author/mmeyer/,https://thevou.com/wp-content/uploads/2020/08/sustainable-lingeries-wtvox.com-00.jpg
Best Stores For Genuine Kyoto Streetwear In 2021 (Top 7),6 August 2020,Reo Tanaka,https://thevou.com/fashion/kyoto-streetwear/,https://thevou.com/author/reo-tanaka/,https://thevou.com/wp-content/uploads/2020/08/Kyoto-Streetwear-wtvox.com-00.jpg
Emma Watson Sustainable Fashion Journey – Most Important Moments,22 July 2020,Ana Alves,https://thevou.com/fashion/emma-watson-sustainable-fashion/,https://thevou.com/author/ana/,https://thevou.com/wp-content/uploads/2020/07/Emma-Watson-Sustainable-Fashion-00.jpg
Vegan Shoes Everybody Wants Right Now – Top 5 Luxury Shoes,13 July 2020,Ana Alves,https://thevou.com/fashion/vegan-shoes/,https://thevou.com/author/ana/,https://thevou.com/wp-content/uploads/2020/06/Luxury-vegan-shoes-brand-wtvox.com-Balluta-00.jpg
How To Build A Minimalist Wardrobe That Lasts For Years,3 May 2020,Katherine Saxon,https://thevou.com/fashion/minimalist-wardrobe/,https://thevou.com/author/kathe-saxon/,https://thevou.com/wp-content/uploads/2020/05/Minimalist-Wardrobe-wtvox.com-00.jpg
Top 10 Best Tech Sneakers Ever Released (2021 Update),23 February 2020,Bruce Knox,https://thevou.com/fashion/tech-sneakers/,https://thevou.com/author/techwise/,https://thevou.com/wp-content/uploads/2019/02/wtvox-high-tech-sneakers-00.jpg
6 Eco Friendly Clothing Brands Everybody’s Obsessed With In 2021,22 January 2020,Ana Alves,https://thevou.com/fashion/eco-friendly-clothing/,https://thevou.com/author/ana/,https://thevou.com/wp-content/uploads/2020/01/0.jpg
Fashion Gym Wear – When And How To Wear Workout Jewelry?,8 January 2020,Mandy Meyer,https://thevou.com/fashion/fashion-gym-wear-when-and-how-to-wear-workout-jewelry/,https://thevou.com/author/mmeyer/,https://thevou.com/wp-content/uploads/2020/01/Fashion-Gym-Wear-WTVOX-00.jpg
Best High Heels for Men If You’re Into Breaking The Norms,6 January 2020,Aidan Russell,https://thevou.com/fashion/high-heels-for-men/,https://thevou.com/author/aidan-russell/,https://thevou.com/wp-content/uploads/2020/01/High-Heels-for-Men-Taking-Fashion-By-Storm-WTVOX-00.jpg
Top 8 Recycled And Upcycled Clothing Brands To Follow In 2021,2 January 2020,Ana Alves,https://thevou.com/fashion/upcycled-clothing/,https://thevou.com/author/ana/,https://thevou.com/wp-content/uploads/2019/04/wtvox-lvmh-prize-00.jpg
Top 5 Vegan Clothing Brands You Need To Know Right Now,4 October 2019,Ana Alves,https://thevou.com/fashion/vegan-clothing/,https://thevou.com/author/ana/,https://thevou.com/wp-content/uploads/2019/10/vegan-clothing-brands-wtvox-matt-and-nat-02.jpg
Swap Clothes – The Latest Sustainable Fashion Trend?,16 September 2019,Ana Alves,https://thevou.com/fashion/swap-clothes-the-latest-sustainable-fashion-trend/,https://thevou.com/author/ana/,https://thevou.com/wp-content/uploads/2019/09/wtvox-Swap-Clothes-00.jpg
Top 5 Australian Clothing Brands Leading The Ethical Scene in 2020,31 August 2019,Natalie Wilson,https://thevou.com/fashion/australian-clothing-brands/,https://thevou.com/author/natalie-wilson/,https://thevou.com/wp-content/uploads/2019/08/wtvox-Australian-Fashion-000.jpg
Here Are The Best Sustainable Swimwear Brands For This Summer,24 April 2019,Natalie Wilson,https://thevou.com/fashion/top-10-must-have-sustainable-swimwear/,https://thevou.com/author/natalie-wilson/,https://thevou.com/wp-content/uploads/2019/04/wtvox-sustainable-swimwear-00.jpg
"Evolution Of Swimwear, From The 1800s Until Today",18 October 2018,Natalie Wilson,https://thevou.com/fashion/evolution-of-swimwear/,https://thevou.com/author/natalie-wilson/,https://thevou.com/wp-content/uploads/2018/10/evolution-of-summer.jpg
